Player,Pos,Age,Tm,G,GS,MP,FG,FGA,FG%,3P,3PA,3P%,2P,2PA,2P%,eFG%,FT,FTA,FT%,ORB,DRB,TRB,AST,STL,BLK,TOV,PF,PTS,Year,Salary
Steven Adams,C,24,OKC,76,76,32.7,5.9,9.4,.629,0.0,0.0,.000,5.9,9.3,.631,.629,2.1,3.8,.559,5.1,4.0,9.0,1.2,1.2,1.0,1.7,2.8,13.9,2018,"$22,471,910"
Bam Adebayo,C,20,MIA,69,19,19.8,2.5,4.9,.512,0.0,0.1,.000,2.5,4.8,.523,.512,1.9,2.6,.721,1.7,3.8,5.5,1.5,0.5,0.6,1.0,2.0,6.9,2018,"$2,955,840"
LaMarcus Aldridge,C,32,SAS,75,75,33.5,9.2,18.0,.510,0.4,1.2,.293,8.8,16.7,.526,.520,4.5,5.3,.837,3.3,5.2,8.5,2.0,0.6,1.2,1.5,2.1,23.1,2018,"$21,461,010"
Jarrett Allen,C,19,BRK,72,31,20.0,3.3,5.5,.589,0.1,0.2,.333,3.2,5.3,.599,.596,1.6,2.0,.776,2.0,3.4,5.4,0.7,0.4,1.2,1.1,2.0,8.2,2018,"$2,034,120"
Tony Allen,SF,36,NOP,22,0,12.4,2.0,4.1,.484,0.2,0.5,.333,1.8,3.6,.506,.505,0.5,1.0,.524,0.9,1.2,2.1,0.4,0.5,0.1,0.9,2.2,4.7,2018,"$1,471,382"
Al-Farouq Aminu,PF,27,POR,69,67,30.0,3.3,8.4,.395,1.8,4.9,.369,1.5,3.5,.432,.503,0.9,1.2,.738,1.4,6.2,7.6,1.2,1.1,0.6,1.1,2.0,9.3,2018,"$7,319,035"
Justin Anderson,SF,24,PHI,38,0,13.7,2.3,5.3,.431,0.9,2.7,.330,1.4,2.6,.535,.515,0.7,1.0,.737,0.7,1.8,2.4,0.7,0.4,0.2,0.4,1.4,6.2,2018,"$2,516,048"
Kyle Anderson,SF,24,SAS,74,67,26.7,3.1,5.9,.527,0.3,0.8,.333,2.9,5.1,.556,.549,1.4,2.0,.712,1.1,4.2,5.4,2.7,1.6,0.8,1.3,1.5,7.9,2018,"$2,151,704"
Ryan Anderson,PF,29,HOU,66,50,26.1,3.1,7.3,.431,2.0,5.1,.386,1.2,2.1,.539,.568,1.1,1.4,.774,1.4,3.6,5.0,0.9,0.4,0.3,0.6,1.9,9.3,2018,"$19,578,455"
Giannis Antetokounmpo,PF,23,MIL,75,75,36.7,9.9,18.7,.529,0.6,1.9,.307,9.3,16.8,.554,.545,6.5,8.5,.760,2.1,8.0,10.0,4.8,1.5,1.4,3.0,3.1,26.9,2018,"$24,157,303"
Carmelo Anthony,PF,33,OKC,78,78,32.1,6.1,15.0,.404,2.2,6.1,.357,3.9,8.9,.437,.476,1.9,2.5,.767,0.9,4.9,5.8,1.3,0.6,0.6,1.3,2.5,16.2,2018,"$26,243,760"
OG Anunoby,SF,20,TOR,74,62,20.0,2.2,4.7,.471,1.0,2.7,.371,1.2,2.0,.604,.577,0.5,0.8,.629,0.6,1.9,2.5,0.7,0.7,0.2,0.6,1.8,5.9,2018,"$2,034,120"
Trevor Ariza,SF,32,HOU,67,67,33.9,4.0,9.7,.412,2.5,6.9,.368,1.5,2.8,.519,.542,1.1,1.3,.854,0.5,3.9,4.4,1.6,1.5,0.2,0.8,2.0,11.7,2018,"$7,420,912"
Darrell Arthur,PF,29,DEN,19,1,7.4,1.2,2.5,.468,0.4,1.2,.348,0.7,1.3,.583,.553,0.1,0.2,.667,0.2,0.6,0.8,0.5,0.4,0.2,0.8,1.2,2.8,2018,"$7,464,912"
D.J. Augustin,PG,30,ORL,75,36,23.5,3.3,7.2,.452,1.5,3.6,.419,1.7,3.6,.485,.557,2.2,2.5,.868,0.4,1.7,2.1,3.8,0.7,0.0,1.6,1.3,10.2,2018,"$7,250,000"
Dwayne Bacon,SG,22,CHO,53,6,13.5,1.4,3.6,.375,0.2,0.8,.256,1.2,2.8,.409,.404,0.4,0.5,.800,0.1,2.3,2.3,0.7,0.3,0.0,0.4,0.9,3.3,2018,"$1,378,242"
Ron Baker,SG,24,NYK,29,1,13.3,0.7,2.0,.339,0.4,1.1,.333,0.3,0.9,.346,.432,0.7,0.9,.769,0.2,0.9,1.0,1.6,0.9,0.2,0.6,1.1,2.4,2018,"$4,544,000"
Lonzo Ball,PG,20,LAL,52,50,34.2,3.9,10.8,.360,1.7,5.7,.305,2.2,5.2,.420,.440,0.6,1.4,.451,1.3,5.6,6.9,7.2,1.7,0.8,2.6,2.3,10.2,2018,"$6,286,560"
J.J. Barea,PG,33,DAL,69,10,23.2,4.4,10.0,.439,1.7,4.5,.367,2.7,5.5,.499,.522,1.2,1.5,.784,0.2,2.7,2.9,6.3,0.5,0.0,2.1,1.2,11.6,2018,"$3,903,900"
Harrison Barnes,PF,25,DAL,77,77,34.2,7.0,15.7,.445,1.5,4.3,.357,5.4,11.4,.478,.494,3.4,4.1,.827,1.0,5.1,6.1,2.0,0.6,0.2,1.5,1.2,18.9,2018,"$23,112,004"
Will Barton,SG,27,DEN,81,40,33.1,5.7,12.7,.452,1.9,5.2,.370,3.8,7.5,.510,.528,2.2,2.8,.805,0.9,4.2,5.0,4.1,1.0,0.6,1.8,2.1,15.7,2018,"$3,533,333"
Nicolas Batum,SG,29,CHO,64,64,31.0,4.2,10.2,.415,1.4,4.3,.336,2.8,5.9,.473,.486,1.7,2.0,.831,0.9,3.9,4.8,5.5,1.0,0.4,2.0,1.1,11.6,2018,"$24,000,000"
Jerryd Bayless,SG,29,PHI,39,11,23.7,2.8,6.7,.416,1.4,3.7,.370,1.4,3.0,.474,.519,0.9,1.1,.795,0.4,1.7,2.1,1.4,0.6,0.2,1.2,2.3,7.9,2018,"$8,575,916"
Kent Bazemore,SG,28,ATL,65,65,27.5,4.4,10.4,.420,1.7,4.2,.394,2.7,6.2,.438,.500,2.5,3.1,.796,0.4,3.4,3.8,3.5,1.5,0.7,2.4,2.3,12.9,2018,"$18,089,887"
Bradley Beal,SG,24,WAS,82,82,36.3,8.3,18.1,.460,2.4,6.5,.375,5.9,11.6,.507,.527,3.6,4.5,.791,0.7,3.7,4.4,4.5,1.2,0.4,2.6,2.0,22.6,2018,"$25,434,263"
Malik Beasley,SG,21,DEN,62,0,9.4,1.2,2.9,.410,0.5,1.3,.341,0.7,1.5,.469,.489,0.4,0.5,.667,0.2,0.9,1.1,0.5,0.2,0.1,0.4,0.6,3.2,2018,"$1,700,640"
Jordan Bell,C,23,GSW,57,13,14.2,2.0,3.2,.627,0.0,0.1,.000,2.0,3.2,.641,.627,0.5,0.8,.682,1.1,2.6,3.6,1.8,0.6,1.0,0.9,1.6,4.6,2018,"$1,378,242"
DeAndre' Bembry,SF,23,ATL,26,3,17.5,2.0,4.9,.414,0.4,1.2,.367,1.6,3.8,.429,.457,0.7,1.3,.576,0.3,2.5,2.8,1.9,0.8,0.5,1.8,1.5,5.2,2018,"$1,634,640"
Dragan Bender,PF,20,PHO,82,37,25.2,2.3,5.9,.386,1.4,3.9,.366,0.8,2.0,.426,.508,0.5,0.6,.765,0.5,3.9,4.4,1.6,0.3,0.6,1.4,2.0,6.5,2018,"$4,468,800"
Patrick Beverley,SG,29,LAC,11,11,30.4,4.4,10.8,.403,2.2,5.5,.400,2.2,5.4,.407,.504,1.3,1.5,.824,1.5,2.6,4.1,2.9,1.7,0.5,2.3,3.1,12.2,2018,"$5,513,514"
Bismack Biyombo,C,25,ORL,82,25,18.2,2.2,4.3,.520,0.0,0.0,.000,2.2,4.3,.521,.520,1.2,1.9,.650,1.8,4.0,5.7,0.8,0.3,1.2,1.0,1.9,5.7,2018,"$17,000,000"
Nemanja Bjelica,PF,29,MIN,67,21,20.5,2.6,5.5,.461,1.1,2.7,.415,1.4,2.8,.505,.563,0.5,0.7,.800,0.8,3.3,4.1,1.3,0.7,0.2,0.8,2.1,6.8,2018,"$3,949,999"
Tarik Black,C,26,HOU,51,2,10.5,1.5,2.5,.591,0.0,0.2,.091,1.5,2.3,.638,.594,0.6,1.2,.460,1.2,2.0,3.2,0.3,0.4,0.6,0.7,2.1,3.5,2018,"$3,290,000"
Eric Bledsoe,PG,28,TOT,74,74,31.4,6.3,13.4,.473,1.7,4.9,.347,4.6,8.5,.545,.536,3.4,4.3,.795,0.7,3.1,3.8,5.0,2.0,0.6,2.9,2.5,17.7,2018,"$15,000,000"
Devin Booker,SG,21,PHO,54,54,34.5,8.4,19.5,.432,2.7,7.1,.383,5.7,12.4,.460,.501,5.4,6.1,.878,0.5,4.0,4.5,4.7,0.9,0.3,3.6,3.1,24.9,2018,"$2,319,360"
Avery Bradley,SG,27,TOT,46,46,31.2,5.6,13.6,.414,1.6,4.4,.369,4.0,9.2,.436,.474,1.4,1.8,.768,0.5,2.0,2.5,2.0,1.1,0.2,2.2,2.0,14.3,2018,"$8,808,989"
Tony Bradley,C,20,UTA,9,0,3.2,0.3,1.2,.273,0.0,0.1,.000,0.3,1.1,.300,.273,0.2,0.2,1.000,0.4,0.8,1.2,0.1,0.0,0.0,0.0,0.1,0.9,2018,"$1,414,920"
Corey Brewer,SF-SG,31,TOT,72,18,16.8,2.0,4.4,.449,0.4,1.5,.282,1.5,2.9,.539,.498,0.9,1.3,.722,0.6,1.5,2.1,0.9,1.1,0.2,0.7,1.9,5.3,2018,"$7,579,366"
Malcolm Brogdon,PG,25,MIL,48,20,29.9,5.1,10.5,.485,1.3,3.4,.385,3.8,7.1,.532,.547,1.6,1.8,.882,0.5,2.8,3.3,3.2,0.9,0.3,1.4,2.7,13.0,2018,"$1,544,951"
Aaron Brooks,PG,33,MIN,32,1,5.9,0.9,2.2,.406,0.3,1.0,.355,0.5,1.2,.447,.486,0.3,0.3,.727,0.2,0.3,0.5,0.6,0.2,0.0,0.3,0.9,2.3,2018,"$1,471,382"
Dillon Brooks,SF,22,MEM,82,74,28.7,4.1,9.4,.440,1.1,3.2,.356,3.0,6.2,.484,.501,1.5,2.0,.747,0.6,2.5,3.1,1.6,0.9,0.2,1.5,2.8,11.0,2018,"$815,615"
MarShon Brooks,SG,29,MEM,7,1,27.6,7.3,14.6,.500,2.7,4.6,.594,4.6,10.0,.457,.593,2.9,3.3,.870,1.1,1.9,3.0,3.6,1.6,0.4,2.3,0.9,20.1,2018,"$60,283"
Jaylen Brown,SG,21,BOS,70,70,30.7,5.3,11.5,.465,1.7,4.4,.395,3.6,7.1,.507,.540,2.1,3.3,.644,0.9,4.0,4.9,1.6,1.0,0.4,1.8,2.6,14.5,2018,"$4,956,480"
Sterling Brown,SG,22,MIL,54,4,14.4,1.5,3.8,.400,0.6,1.7,.352,0.9,2.1,.439,.478,0.4,0.4,.875,0.5,2.1,2.6,0.5,0.6,0.2,0.5,1.5,4.0,2018,"$1,378,242"
Thomas Bryant,C,20,LAL,15,0,4.8,0.5,1.4,.381,0.1,0.7,.100,0.5,0.7,.636,.405,0.3,0.6,.556,0.2,0.9,1.1,0.4,0.1,0.1,0.1,0.4,1.5,2018,"$815,615"
Reggie Bullock,SF,26,DET,62,52,27.9,4.3,8.8,.489,2.0,4.5,.445,2.3,4.3,.536,.603,0.6,0.8,.796,0.4,2.0,2.5,1.5,0.8,0.2,0.8,1.1,11.3,2018,"$2,500,000"
Trey Burke,PG,25,NYK,36,9,21.8,5.4,10.7,.503,1.1,2.9,.362,4.3,7.8,.556,.552,1.0,1.6,.649,0.4,1.6,2.0,4.7,0.7,0.1,1.2,1.2,12.8,2018,"$1,544,951"
Alec Burks,SG,26,UTA,64,1,16.5,2.7,6.5,.411,0.7,2.2,.331,1.9,4.3,.452,.467,1.7,1.9,.863,0.3,2.7,3.0,1.0,0.6,0.1,0.9,1.2,7.7,2018,"$10,845,506"
Jimmy Butler,SG,28,MIN,59,59,36.7,7.4,15.6,.474,1.2,3.4,.350,6.2,12.2,.509,.512,6.2,7.2,.854,1.3,4.0,5.3,4.9,2.0,0.4,1.8,1.3,22.2,2018,"$19,301,070"
Dwight Buycks,PG,28,DET,29,0,14.7,2.8,6.8,.414,0.5,1.6,.333,2.3,5.3,.438,.452,1.2,1.4,.878,0.4,1.0,1.4,2.0,0.7,0.1,1.3,1.3,7.4,2018,"$1,600,520"
Bruno Caboclo,SF,22,TOT,12,0,8.9,0.8,2.6,.290,0.3,1.4,.176,0.5,1.2,.429,.339,0.4,0.5,.833,0.6,1.3,1.8,0.3,0.3,0.3,0.3,0.7,2.2,2018,"$2,451,225"
Kentavious Caldwell-Pope,SG,24,LAL,74,74,33.2,4.6,10.8,.426,2.1,5.6,.383,2.4,5.2,.473,.526,2.1,2.6,.789,0.8,4.4,5.2,2.2,1.4,0.2,1.3,2.0,13.4,2018,"$17,745,894"
Isaiah Canaan,PG-SG,26,TOT,20,1,21.1,2.6,6.9,.380,1.1,3.3,.333,1.5,3.6,.423,.460,2.3,2.6,.902,0.3,2.0,2.3,3.8,0.8,0.1,1.5,1.8,8.6,2018,"$997,547"
Clint Capela,C,23,HOU,74,74,27.5,6.0,9.1,.652,0.0,0.0,.000,6.0,9.1,.653,.652,1.9,3.5,.560,3.3,7.6,10.8,0.9,0.8,1.9,1.4,2.5,13.9,2018,"$2,334,528"
DeMarre Carroll,PF,31,BRK,73,73,29.9,4.5,10.8,.414,2.0,5.4,.371,2.5,5.4,.457,.506,2.6,3.4,.764,1.4,5.1,6.6,2.0,0.8,0.4,1.4,2.3,13.5,2018,"$15,400,000"
Vince Carter,SF,41,SAC,58,5,17.7,2.0,4.9,.403,1.0,2.8,.345,1.0,2.0,.483,.504,0.5,0.6,.757,0.3,2.2,2.6,1.2,0.7,0.4,0.6,1.7,5.4,2018,"$8,000,000"
Omri Casspi,SF,29,GSW,53,7,14.0,2.3,3.9,.580,0.2,0.4,.455,2.1,3.5,.595,.604,0.9,1.3,.725,0.6,3.2,3.8,1.0,0.3,0.4,0.7,1.3,5.7,2018,"$1,471,382"
Willie Cauley-Stein,C,24,SAC,73,58,28.0,5.3,10.6,.502,0.0,0.2,.250,5.3,10.4,.506,.504,2.1,3.4,.619,1.8,5.2,7.0,2.4,1.1,0.9,1.5,2.5,12.8,2018,"$3,704,160"
Tyler Cavanaugh,PF,23,ATL,39,1,13.3,1.7,3.9,.441,0.8,2.3,.360,0.9,1.6,.556,.546,0.4,0.5,.810,1.2,2.1,3.3,0.7,0.2,0.1,0.4,1.6,4.7,2018,"$679,919"
Mario Chalmers,PG,31,MEM,66,10,21.5,2.5,6.7,.379,0.8,2.9,.277,1.7,3.8,.456,.439,1.8,2.1,.855,0.2,2.2,2.4,3.0,1.2,0.2,1.8,2.7,7.7,2018,"$1,471,382"
Wilson Chandler,SF,30,DEN,74,71,31.7,3.8,8.5,.445,1.2,3.3,.358,2.6,5.2,.501,.515,1.2,1.5,.772,1.4,4.0,5.4,2.1,0.6,0.5,1.2,2.1,10.0,2018,"$12,016,854"
Marquese Chriss,PF,20,PHO,72,49,21.2,2.8,6.6,.423,0.8,2.6,.295,2.0,4.0,.509,.482,1.3,2.2,.608,1.1,4.4,5.5,1.2,0.7,1.0,1.5,2.8,7.7,2018,"$3,073,800"
Ian Clark,SG,26,NOP,74,2,19.7,3.0,6.7,.448,0.8,2.6,.318,2.2,4.1,.533,.511,0.6,0.8,.763,0.1,1.6,1.7,1.5,0.4,0.1,0.8,1.6,7.4,2018,"$1,471,382"
Jordan Clarkson,SG,25,TOT,81,2,23.3,5.3,11.8,.451,1.4,3.9,.352,3.9,7.9,.500,.509,1.9,2.3,.800,0.7,2.0,2.7,2.7,0.7,0.1,1.6,1.3,13.9,2018,"$12,500,000"
Antonius Cleveland,SG,23,TOT,17,0,7.2,0.5,1.2,.381,0.2,0.2,.750,0.3,1.0,.294,.452,0.2,0.4,.667,0.2,0.6,0.8,0.1,0.4,0.3,0.4,1.4,1.4,2018,"$1,378,242"
John Collins,PF,20,ATL,74,26,24.1,4.2,7.4,.576,0.2,0.6,.340,4.0,6.7,.598,.591,1.8,2.5,.715,2.4,4.9,7.3,1.3,0.6,1.1,1.4,2.9,10.5,2018,"$2,299,080"
Zach Collins,C,20,POR,66,1,15.8,1.7,4.4,.398,0.5,1.7,.310,1.2,2.7,.455,.458,0.4,0.6,.643,0.7,2.7,3.3,0.8,0.3,0.5,0.9,2.0,4.4,2018,"$3,057,240"
Darren Collison,PG,30,IND,69,64,29.2,4.6,9.2,.495,1.4,3.0,.468,3.2,6.3,.508,.571,1.8,2.1,.882,0.5,2.0,2.6,5.3,1.3,0.2,1.2,1.8,12.4,2018,"$10,000,000"
Mike Conley,PG,30,MEM,12,12,31.1,5.3,14.0,.381,2.0,6.4,.312,3.3,7.6,.440,.452,4.4,5.5,.803,0.0,2.3,2.3,4.1,1.0,0.3,1.5,2.0,17.1,2018,"$28,530,608"
Pat Connaughton,SG,25,POR,82,5,18.1,2.0,4.8,.423,0.9,2.6,.352,1.1,2.2,.506,.518,0.5,0.5,.841,0.4,1.5,2.0,1.1,0.3,0.3,0.5,1.5,5.4,2018,"$1,471,382"
Quinn Cook,PG,24,GSW,33,18,22.4,3.7,7.6,.484,1.4,3.2,.442,2.3,4.5,.514,.575,0.7,0.8,.880,0.3,2.2,2.5,2.7,0.4,0.0,1.0,1.8,9.5,2018,"$1,544,951"
DeMarcus Cousins,C,27,NOP,48,48,36.2,8.5,18.0,.470,2.2,6.1,.354,6.3,11.9,.530,.530,6.1,8.2,.746,2.2,10.7,12.9,5.4,1.6,1.6,5.0,3.8,25.2,2018,"$18,063,850"
Robert Covington,SF,27,PHI,80,80,31.7,4.3,10.5,.413,2.5,6.9,.369,1.8,3.6,.497,.534,1.5,1.7,.853,0.7,4.7,5.4,2.0,1.7,0.9,1.6,3.0,12.6,2018,"$10,464,092"
Allen Crabbe,SG,25,BRK,75,68,29.3,4.5,11.0,.407,2.7,7.1,.378,1.8,3.9,.461,.529,1.5,1.8,.852,0.4,3.9,4.3,1.6,0.6,0.5,1.0,2.2,13.2,2018,"$18,500,000"
Jamal Crawford,SG,37,MIN,80,0,20.7,3.9,9.3,.415,1.3,3.9,.331,2.6,5.4,.477,.485,1.3,1.4,.903,0.3,1.0,1.2,2.3,0.5,0.1,1.2,1.1,10.3,2018,"$4,328,000"
Jordan Crawford,SG,29,NOP,5,0,10.6,2.4,5.4,.444,1.6,2.8,.571,0.8,2.6,.308,.593,0.2,0.2,1.000,0.4,0.4,0.8,2.6,0.2,0.2,1.0,1.4,6.6,2018,"$58,190"
Jae Crowder,SF,27,TOT,80,47,26.1,3.4,8.4,.404,1.4,4.3,.323,2.0,4.1,.488,.486,1.5,1.9,.818,0.7,2.7,3.4,1.2,0.8,0.3,0.9,2.3,9.7,2018,"$6,796,117"
Stephen Curry,PG,29,GSW,51,51,32.0,8.4,16.9,.495,4.2,9.8,.423,4.2,7.1,.595,.618,5.5,5.9,.921,0.7,4.4,5.1,6.1,1.6,0.2,3.0,2.2,26.4,2018,"$37,457,154"
Troy Daniels,SG,26,PHO,79,15,20.5,2.9,7.3,.403,2.3,5.8,.400,0.6,1.5,.419,.563,0.7,0.8,.875,0.2,1.5,1.6,0.6,0.3,0.1,0.7,1.7,8.9,2018,"$3,408,520"
Anthony Davis,PF,24,NOP,75,75,36.4,10.4,19.5,.534,0.7,2.2,.340,9.7,17.3,.558,.552,6.6,8.0,.828,2.5,8.6,11.1,2.3,1.5,2.6,2.2,2.1,28.1,2018,"$23,775,506"
Ed Davis,C,28,POR,78,0,18.9,2.2,3.7,.582,0.0,0.0,.000,2.2,3.7,.584,.582,0.9,1.4,.667,2.3,5.0,7.4,0.5,0.4,0.7,0.8,2.4,5.3,2018,"$6,352,531"
Dewayne Dedmon,C,28,ATL,62,46,24.9,4.0,7.7,.524,0.8,2.3,.355,3.2,5.4,.595,.577,1.1,1.4,.779,1.6,6.3,7.9,1.5,0.6,0.8,1.4,2.6,10.0,2018,"$7,200,000"
Sam Dekker,PF,23,LAC,73,1,12.1,1.8,3.5,.494,0.1,0.8,.167,1.6,2.7,.593,.514,0.5,0.8,.661,0.6,1.8,2.4,0.5,0.3,0.1,0.5,1.0,4.2,2018,"$1,794,600"
Matthew Dellavedova,PG,27,MIL,38,3,18.7,1.4,4.0,.362,0.8,2.1,.372,0.7,1.9,.351,.457,0.7,0.7,.926,0.4,1.3,1.7,3.8,0.4,0.0,1.3,1.8,4.3,2018,"$9,607,500"
DeMar DeRozan,SG,28,TOR,80,80,33.9,8.1,17.7,.456,1.1,3.6,.310,7.0,14.1,.494,.488,5.8,7.0,.825,0.7,3.2,3.9,5.2,1.1,0.3,2.2,1.9,23.0,2018,"$27,739,975"
Gorgui Dieng,C,28,MIN,79,0,16.9,2.4,4.9,.479,0.2,0.8,.311,2.1,4.1,.511,.504,1.0,1.3,.775,1.3,3.2,4.6,0.9,0.6,0.5,0.7,1.9,5.9,2018,"$14,112,360"
Spencer Dinwiddie,PG,24,BRK,80,58,28.8,4.1,10.5,.387,1.8,5.4,.326,2.3,5.1,.452,.471,2.7,3.4,.813,0.5,2.7,3.2,6.6,0.9,0.3,1.6,2.3,12.6,2018,"$1,656,092"
Tyler Dorsey,SG,21,ATL,56,5,17.4,2.6,6.8,.377,1.3,3.6,.362,1.3,3.3,.393,.471,0.8,1.1,.714,0.3,2.0,2.3,1.4,0.3,0.1,0.7,1.1,7.2,2018,"$1,378,242"
Damyean Dotson,SG,23,NYK,44,2,10.8,1.6,3.7,.447,0.5,1.5,.324,1.1,2.1,.538,.516,0.4,0.5,.696,0.2,1.7,1.9,0.7,0.3,0.0,0.4,0.8,4.1,2018,"$1,378,242"
Andre Drummond,C,24,DET,78,78,33.7,6.0,11.3,.529,0.0,0.1,.000,6.0,11.2,.536,.529,3.1,5.1,.605,5.1,10.9,16.0,3.0,1.5,1.6,2.6,3.2,15.0,2018,"$25,434,263"
Jared Dudley,PF,32,PHO,48,0,14.3,1.0,2.5,.393,0.6,1.7,.363,0.4,0.9,.452,.512,0.6,0.7,.771,0.2,1.8,2.0,1.6,0.5,0.2,0.6,1.8,3.2,2018,"$10,000,000"
Kris Dunn,PG,23,CHI,52,43,29.3,5.5,12.8,.429,0.8,2.6,.321,4.7,10.2,.457,.462,1.6,2.2,.737,0.5,3.8,4.3,6.0,2.0,0.5,2.9,3.3,13.4,2018,"$4,221,000"
Henry Ellenson,PF,21,DET,38,0,8.7,1.4,3.8,.363,0.5,1.6,.333,0.9,2.3,.384,.432,0.7,0.8,.862,0.3,1.9,2.1,0.5,0.1,0.0,0.5,0.6,4.0,2018,"$1,857,480"
Joel Embiid,C,23,PHI,63,63,30.3,8.1,16.8,.483,1.0,3.4,.308,7.0,13.4,.527,.514,5.7,7.4,.769,2.3,8.7,11.0,3.2,0.6,1.8,3.7,3.3,22.9,2018,"$25,250,000"
Tyler Ennis,PG,23,LAL,54,11,12.6,1.7,4.1,.420,0.3,1.0,.250,1.5,3.1,.476,.451,0.4,0.5,.759,0.4,1.4,1.8,1.9,0.6,0.2,0.7,1.4,4.1,2018,"$1,524,305"
Jawun Evans,PG,21,LAC,48,4,16.2,1.9,5.3,.352,0.3,1.1,.278,1.5,4.1,.372,.381,0.8,1.0,.776,0.2,1.6,1.8,2.1,0.8,0.1,0.9,2.0,4.8,2018,"$815,615"
Tyreke Evans,PG,28,MEM,52,32,30.9,7.0,15.6,.452,2.2,5.5,.399,4.8,10.1,.482,.523,3.2,4.0,.785,0.8,4.3,5.1,5.2,1.1,0.3,2.3,1.8,19.4,2018,"$3,290,000"
Dante Exum,PG,22,UTA,14,0,16.8,3.0,6.2,.483,0.4,1.3,.278,2.6,4.9,.536,.511,1.8,2.2,.806,0.3,1.6,1.9,3.1,0.6,0.2,1.4,1.4,8.1,2018,"$4,992,385"
Kenneth Faried,PF,28,DEN,32,7,14.4,2.4,4.6,.514,0.0,0.0,.000,2.4,4.6,.517,.514,1.1,1.6,.706,2.1,2.7,4.8,0.6,0.4,0.4,0.7,1.6,5.9,2018,"$12,921,348"
Derrick Favors,C,26,UTA,77,77,28.0,5.1,9.1,.563,0.2,0.8,.222,4.9,8.3,.596,.573,1.8,2.8,.651,2.6,4.6,7.2,1.3,0.7,1.1,1.1,2.1,12.3,2018,"$12,000,000"
Raymond Felton,PG,33,OKC,82,2,16.6,2.7,6.7,.406,1.0,2.8,.352,1.7,3.9,.444,.479,0.4,0.5,.818,0.3,1.6,1.9,2.5,0.6,0.2,0.9,1.1,6.9,2018,"$1,471,382"
Terrance Ferguson,SG,19,OKC,61,12,12.5,1.1,2.8,.414,0.7,2.0,.333,0.5,0.8,.612,.533,0.1,0.2,.900,0.3,0.5,0.8,0.3,0.4,0.2,0.2,1.4,3.1,2018,"$1,785,000"
Yogi Ferrell,SG,24,DAL,82,21,27.8,3.8,8.9,.426,1.6,4.4,.373,2.2,4.5,.477,.518,1.0,1.3,.796,0.3,2.7,3.0,2.5,0.8,0.1,1.0,1.9,10.2,2018,"$1,312,611"
Dorian Finney-Smith,PF,24,DAL,21,13,21.3,2.2,5.8,.380,1.0,3.2,.299,1.2,2.6,.481,.463,0.5,0.7,.733,1.0,2.5,3.6,1.2,0.5,0.2,1.0,2.0,5.9,2018,"$1,312,611"
Bryn Forbes,SG,24,SAS,80,12,19.0,2.6,6.2,.421,1.1,2.9,.390,1.5,3.4,.446,.510,0.6,0.9,.667,0.2,1.2,1.4,1.0,0.4,0.0,0.5,1.4,6.9,2018,"$1,312,611"
Evan Fournier,SF,25,ORL,57,57,32.2,6.5,14.1,.459,2.2,5.9,.379,4.2,8.2,.516,.538,2.6,3.0,.867,0.4,2.8,3.2,2.9,0.8,0.3,1.7,2.4,17.8,2018,"$17,000,000"
De'Aaron Fox,PG,20,SAC,73,60,27.8,4.5,10.9,.412,0.6,2.1,.307,3.8,8.8,.436,.441,1.9,2.7,.723,0.5,2.3,2.8,4.4,1.0,0.3,2.4,2.2,11.6,2018,"$4,609,200"
Channing Frye,C,34,TOT,53,1,13.1,2.0,4.0,.491,0.7,2.2,.339,1.2,1.8,.670,.583,0.3,0.4,.895,0.2,2.3,2.5,0.7,0.3,0.2,0.4,1.3,5.0,2018,"$7,420,912"
Markelle Fultz,SG,19,PHI,14,0,18.1,3.2,7.9,.405,0.0,0.1,.000,3.2,7.9,.409,.405,0.7,1.5,.476,0.8,2.3,3.1,3.8,0.9,0.3,1.2,1.6,7.1,2018,"$8,339,880"
Danilo Gallinari,SF,29,LAC,21,21,32.0,4.9,12.2,.398,1.7,5.3,.324,3.1,6.9,.455,.469,3.9,4.1,.931,0.4,4.4,4.8,2.0,0.6,0.5,1.2,1.4,15.3,2018,"$20,559,599"
Langston Galloway,SG,26,DET,58,2,14.9,2.2,5.9,.371,1.3,3.8,.344,0.9,2.1,.418,.481,0.6,0.7,.805,0.2,1.4,1.6,1.0,0.6,0.1,0.3,0.7,6.2,2018,"$7,000,000"
Marc Gasol,C,33,MEM,73,73,33.0,5.9,14.2,.420,1.5,4.4,.341,4.5,9.8,.456,.473,3.8,4.6,.834,1.1,7.0,8.1,4.2,0.7,1.4,2.7,2.5,17.2,2018,"$22,642,350"
Pau Gasol,C,37,SAS,77,63,23.5,3.7,8.1,.458,0.6,1.6,.358,3.2,6.6,.481,.492,2.1,2.7,.756,1.7,6.4,8.0,3.1,0.3,1.0,1.4,1.6,10.1,2018,"$16,000,000"
Rudy Gay,PF,31,SAS,57,6,21.6,4.4,9.4,.471,0.6,2.1,.314,3.8,7.4,.516,.506,2.0,2.5,.772,1.3,3.8,5.1,1.3,0.8,0.7,1.4,1.7,11.5,2018,"$8,406,000"
Paul George,SF,27,OKC,79,79,36.6,7.3,17.0,.430,3.1,7.7,.401,4.2,9.3,.454,.521,4.3,5.2,.822,0.9,4.7,5.7,3.3,2.0,0.5,2.7,2.9,21.9,2018,"$19,508,958"
Marcus Georges-Hunt,SG,23,MIN,42,0,5.3,0.5,1.1,.438,0.1,0.4,.267,0.4,0.8,.515,.479,0.3,0.5,.619,0.2,0.2,0.4,0.2,0.1,0.0,0.1,0.8,1.4,2018,"$1,312,611"
Taj Gibson,PF,32,MIN,82,82,33.2,5.2,9.0,.577,0.1,0.4,.200,5.1,8.6,.595,.581,1.7,2.3,.768,2.4,4.8,7.1,1.2,0.8,0.7,1.1,2.7,12.2,2018,"$14,000,000"
Eric Gordon,SG,29,HOU,69,30,31.2,6.0,14.1,.428,3.2,8.8,.359,2.9,5.2,.544,.540,2.8,3.5,.809,0.4,2.1,2.5,2.2,0.6,0.4,1.9,1.7,18.0,2018,"$12,943,020"
Jerami Grant,PF,23,OKC,81,1,20.3,3.0,5.6,.535,0.4,1.4,.291,2.6,4.3,.613,.570,2.0,3.0,.675,1.1,2.9,3.9,0.7,0.4,1.0,0.7,1.9,8.4,2018,"$1,524,305"
Jerian Grant,PG,25,CHI,74,26,22.8,2.8,6.8,.416,0.8,2.5,.326,2.0,4.3,.468,.476,1.9,2.5,.745,0.4,1.9,2.3,4.6,0.9,0.1,1.2,1.8,8.4,2018,"$2,639,314"
Danny Green,SG,30,SAS,70,60,25.6,3.1,8.0,.387,1.7,4.6,.363,1.4,3.4,.419,.490,0.7,0.9,.769,0.6,3.0,3.6,1.6,0.9,1.1,1.1,1.7,8.6,2018,"$10,000,000"
Draymond Green,PF,27,GSW,70,70,32.7,4.0,8.8,.454,1.1,3.7,.301,2.9,5.2,.562,.516,1.9,2.5,.775,1.1,6.6,7.6,7.3,1.4,1.3,2.9,2.6,11.0,2018,"$17,469,565"
Gerald Green,SG,32,HOU,41,2,22.7,4.1,10.1,.407,2.7,7.3,.369,1.4,2.8,.504,.540,1.2,1.5,.850,0.4,2.9,3.2,0.6,0.6,0.4,0.8,2.1,12.1,2018,"$872,854"
JaMychal Green,PF,27,MEM,55,54,28.0,4.1,8.9,.457,0.8,2.3,.339,3.3,6.6,.499,.501,1.5,2.0,.721,2.7,5.8,8.4,1.4,0.6,0.5,1.4,2.8,10.3,2018,"$8,533,333"
Blake Griffin,PF,28,TOT,58,58,34.0,7.5,17.2,.438,1.9,5.6,.345,5.6,11.6,.482,.493,4.5,5.7,.785,1.3,6.1,7.4,5.8,0.7,0.3,2.8,2.4,21.4,2018,"$32,088,932"
Tim Hardaway Jr.,SG,25,NYK,57,54,33.1,6.3,15.0,.421,2.3,7.2,.317,4.0,7.8,.516,.496,2.6,3.1,.816,0.6,3.4,3.9,2.7,1.1,0.2,1.6,2.2,17.5,2018,"$17,325,000"
James Harden,SG,28,HOU,72,72,35.4,9.0,20.1,.449,3.7,10.0,.367,5.4,10.1,.531,.541,8.7,10.1,.858,0.6,4.8,5.4,8.8,1.8,0.7,4.4,2.3,30.4,2018,"$28,299,399"
Maurice Harkless,SF,24,POR,59,36,21.4,2.5,5.0,.495,0.8,2.0,.415,1.7,3.0,.547,.577,0.7,1.0,.712,0.8,2.0,2.7,0.9,0.8,0.7,0.7,1.7,6.5,2018,"$10,162,922"
Montrezl Harrell,C,24,LAC,76,3,17.0,4.6,7.2,.635,0.0,0.1,.143,4.6,7.1,.641,.636,1.8,2.9,.626,1.4,2.7,4.0,1.0,0.5,0.7,0.9,1.9,11.0,2018,"$1,471,382"
Devin Harris,PG,34,TOT,71,1,18.9,2.6,6.4,.412,1.1,3.2,.348,1.5,3.2,.476,.499,2.0,2.4,.835,0.2,1.6,1.8,2.1,0.7,0.2,1.1,2.2,8.4,2018,"$4,402,546"
Gary Harris,SG,23,DEN,67,65,34.4,6.6,13.6,.485,2.3,5.9,.396,4.2,7.7,.553,.570,2.0,2.4,.827,0.6,2.1,2.6,2.9,1.8,0.2,1.8,1.8,17.5,2018,"$2,550,055"
Tobias Harris,PF,25,TOT,80,80,33.4,7.0,15.3,.460,2.3,5.6,.411,4.7,9.7,.488,.535,2.2,2.7,.829,0.7,4.7,5.5,2.4,0.9,0.4,1.3,2.1,18.6,2018,"$16,000,000"
Aaron Harrison,SG,23,DAL,9,3,25.9,2.1,7.7,.275,1.0,4.8,.209,1.1,2.9,.385,.341,1.4,1.9,.765,0.4,2.2,2.7,1.2,1.0,0.2,0.3,3.0,6.7,2018,"$91,442"
Andrew Harrison,PG,23,MEM,56,46,23.7,3.2,7.7,.422,0.8,2.5,.331,2.4,5.1,.467,.477,2.2,2.8,.780,0.4,1.9,2.3,3.2,0.7,0.5,1.4,2.5,9.5,2018,"$1,312,611"
Shaquille Harrison,PG,24,PHO,23,2,16.7,2.6,5.4,.476,0.3,1.1,.231,2.3,4.3,.541,.500,1.2,1.7,.737,0.4,2.3,2.7,2.4,1.1,0.3,1.0,1.8,6.6,2018,"$175,000"
Josh Hart,SG,22,LAL,63,23,23.2,2.8,6.0,.469,1.2,3.1,.396,1.6,2.8,.551,.573,1.0,1.5,.702,0.7,3.5,4.2,1.3,0.7,0.3,0.7,1.7,7.9,2018,"$1,394,520"
Nigel Hayes,SF,23,TOT,9,0,13.6,1.2,3.7,.333,0.4,1.8,.250,0.8,1.9,.412,.394,0.1,0.3,.333,0.4,2.0,2.4,0.7,0.2,0.3,0.2,0.9,3.0,2018,"$55,296"
John Henson,C,27,MIL,76,69,25.9,3.8,6.6,.572,0.0,0.1,.143,3.8,6.5,.578,.573,1.2,2.1,.570,2.0,4.8,6.8,1.5,0.6,1.4,1.1,2.7,8.8,2018,"$11,327,466"
Buddy Hield,SG,25,SAC,80,12,25.3,5.2,11.7,.446,2.2,5.1,.431,3.0,6.6,.457,.540,0.9,1.0,.877,0.7,3.2,3.8,1.9,1.1,0.3,1.6,1.9,13.5,2018,"$3,675,480"
George Hill,PG,31,TOT,67,60,27.0,3.5,7.7,.460,1.3,3.1,.415,2.3,4.6,.490,.543,1.6,2.1,.786,0.6,2.1,2.7,2.8,0.9,0.4,1.3,1.9,10.0,2018,"$19,000,000"
Solomon Hill,SF,26,NOP,12,1,15.6,0.9,3.4,.268,0.3,1.8,.190,0.6,1.7,.350,.317,0.3,0.5,.500,0.8,2.3,3.0,1.8,0.6,0.1,0.8,1.8,2.4,2018,"$12,236,535"
Jrue Holiday,SG,27,NOP,81,81,36.1,7.6,15.4,.494,1.5,4.4,.337,6.1,11.0,.557,.543,2.3,2.9,.786,0.8,3.7,4.5,6.0,1.5,0.8,2.6,2.5,19.0,2018,"$25,686,667"
Justin Holiday,SG,28,CHI,72,72,31.5,4.0,10.9,.371,2.2,6.2,.359,1.8,4.6,.387,.474,1.9,2.3,.823,0.4,3.6,4.0,2.1,1.1,0.4,1.3,1.9,12.2,2018,"$4,384,616"
Rondae Hollis-Jefferson,SF,23,BRK,68,59,28.2,5.0,10.6,.472,0.2,0.8,.241,4.8,9.9,.491,.481,3.7,4.6,.788,1.5,5.3,6.8,2.5,1.0,0.7,1.8,2.1,13.9,2018,"$2,470,357"
Richaun Holmes,C,24,PHI,48,2,15.5,2.8,5.0,.560,0.1,0.6,.129,2.7,4.4,.624,.568,0.8,1.2,.661,1.2,3.2,4.4,1.3,0.4,0.6,0.5,2.0,6.5,2018,"$1,600,520"
Al Horford,C,31,BOS,72,72,31.6,5.1,10.5,.489,1.3,3.1,.429,3.8,7.3,.514,.553,1.3,1.7,.783,1.4,5.9,7.4,4.7,0.6,1.1,1.8,1.9,12.9,2018,"$27,734,406"
Dwight Howard,C,32,CHO,81,81,30.4,6.2,11.2,.555,0.0,0.1,.143,6.2,11.2,.559,.556,4.1,7.2,.574,3.1,9.3,12.5,1.3,0.6,1.6,2.6,3.1,16.6,2018,"$23,819,725"
Josh Huestis,PF,26,OKC,69,10,14.2,0.9,2.6,.330,0.5,1.7,.287,0.4,1.0,.403,.420,0.1,0.3,.300,0.6,1.7,2.3,0.3,0.2,0.6,0.4,1.2,2.3,2018,"$1,471,382"
Serge Ibaka,PF,28,TOR,76,76,27.5,5.0,10.3,.483,1.4,3.9,.360,3.6,6.4,.559,.552,1.2,1.6,.797,1.0,5.3,6.3,0.8,0.4,1.3,1.2,2.8,12.6,2018,"$21,666,667"
Andre Iguodala,SF,34,GSW,64,7,25.3,2.3,5.0,.463,0.5,1.8,.282,1.8,3.2,.567,.514,0.9,1.4,.632,0.8,3.1,3.8,3.3,0.8,0.6,1.0,1.5,6.0,2018,"$14,814,815"
Joe Ingles,SF,30,UTA,82,81,31.4,4.1,8.8,.467,2.5,5.7,.440,1.6,3.1,.516,.609,0.8,1.0,.795,0.3,3.9,4.2,4.8,1.1,0.2,1.9,2.2,11.5,2018,"$14,136,364"
Andre Ingram,SG,32,LAL,2,0,32.0,4.0,8.5,.471,2.5,4.5,.556,1.5,4.0,.375,.618,1.5,1.5,1.000,0.5,2.5,3.0,3.5,1.5,1.5,1.5,1.5,12.0,2018,"$13,824"
Brandon Ingram,SF,20,LAL,59,59,33.5,6.1,12.9,.470,0.7,1.8,.390,5.4,11.1,.483,.497,3.3,4.8,.681,1.0,4.4,5.3,3.9,0.8,0.7,2.5,2.8,16.1,2018,"$5,519,400"
Kyrie Irving,PG,25,BOS,60,60,32.2,8.9,18.1,.491,2.8,6.8,.408,6.1,11.3,.541,.568,3.9,4.4,.889,0.6,3.2,3.8,5.1,1.1,0.3,2.3,2.0,24.4,2018,"$18,868,626"
Jonathan Isaac,PF,20,ORL,27,10,19.9,2.0,5.4,.379,0.6,1.7,.348,1.4,3.7,.394,.434,0.7,0.9,.760,0.6,3.1,3.7,0.7,1.2,1.1,1.0,1.8,5.4,2018,"$4,969,080"
Aaron Jackson,PG,31,HOU,1,0,35.0,3.0,9.0,.333,1.0,4.0,.250,2.0,5.0,.400,.389,1.0,2.0,.500,2.0,1.0,3.0,1.0,0.0,0.0,1.0,4.0,8.0,2018,"$4,608"
Josh Jackson,SF,20,PHO,77,35,25.4,5.1,12.1,.417,0.7,2.8,.263,4.3,9.3,.464,.448,2.3,3.6,.634,1.2,3.3,4.6,1.5,1.0,0.5,1.9,2.8,13.1,2018,"$5,090,040"
Justin Jackson,SF,22,SAC,68,41,22.1,2.7,6.2,.442,0.8,2.7,.308,1.9,3.4,.547,.510,0.4,0.5,.722,0.4,2.4,2.8,1.1,0.4,0.2,0.6,1.2,6.7,2018,"$2,365,560"
Reggie Jackson,PG,27,DET,45,45,26.7,5.5,12.8,.426,1.2,3.8,.308,4.3,9.1,.475,.471,2.5,3.0,.836,0.6,2.1,2.8,5.3,0.6,0.1,2.2,1.9,14.6,2018,"$17,043,478"
Al Jefferson,C,33,IND,36,1,13.4,3.1,5.8,.534,0.0,0.1,.000,3.1,5.7,.541,.534,0.8,1.0,.833,0.8,3.1,4.0,0.8,0.4,0.6,0.6,1.8,7.0,2018,"$10,000,000"
Richard Jefferson,SF,37,DEN,20,0,8.2,0.6,1.4,.444,0.1,0.4,.286,0.5,1.0,.500,.481,0.2,0.4,.571,0.1,0.8,0.9,0.8,0.1,0.1,0.3,0.6,1.5,2018,"$1,454,756"
Brandon Jennings,PG,28,MIL,14,0,14.6,1.9,5.1,.375,0.6,2.4,.273,1.3,2.8,.462,.438,0.7,0.7,1.000,0.4,1.9,2.2,3.1,0.4,0.3,1.3,0.8,5.2,2018,"$2,222,803"
Jonas Jerebko,PF,30,UTA,74,19,15.3,2.1,4.6,.466,0.9,2.1,.414,1.3,2.5,.511,.562,0.6,0.8,.807,0.7,2.6,3.3,0.6,0.3,0.2,0.4,1.7,5.8,2018,"$4,000,000"
Brice Johnson,PF,23,TOT,18,0,5.4,1.1,2.3,.476,0.0,0.1,.000,1.1,2.3,.488,.476,0.2,0.3,.600,0.5,1.2,1.7,0.1,0.5,0.3,0.3,0.7,2.4,2018,"$1,331,160"
James Johnson,PF,30,MIA,73,41,26.6,4.2,8.4,.503,0.8,2.5,.308,3.5,5.9,.587,.550,1.5,2.2,.698,0.8,4.1,4.9,3.8,1.0,0.7,1.9,2.6,10.8,2018,"$14,651,700"
Joe Johnson,SF,36,TOT,55,4,21.9,2.7,6.5,.406,0.7,2.6,.276,1.9,3.9,.493,.461,0.7,0.8,.889,0.3,2.9,3.1,1.5,0.3,0.1,0.9,1.2,6.8,2018,"$473,835"
Stanley Johnson,SF,21,DET,69,50,27.4,3.0,8.1,.375,1.0,3.4,.286,2.1,4.7,.439,.435,1.6,2.1,.772,0.5,3.2,3.7,1.6,1.4,0.2,1.1,2.4,8.7,2018,"$3,940,402"
Tyler Johnson,PG,25,MIA,72,39,28.5,4.3,9.9,.435,1.7,4.5,.367,2.6,5.4,.491,.518,1.5,1.8,.822,0.5,3.0,3.4,2.3,0.8,0.5,1.1,2.1,11.7,2018,"$19,245,370"
Wesley Johnson,SF,30,LAC,74,40,20.1,2.0,5.0,.408,0.8,2.4,.339,1.2,2.6,.471,.489,0.6,0.8,.741,0.4,2.5,2.9,0.8,1.0,0.8,0.7,2.0,5.4,2018,"$5,882,260"
Tyus Jones,PG,21,MIN,82,11,17.9,1.8,4.0,.457,0.5,1.6,.349,1.3,2.4,.528,.526,0.9,1.0,.877,0.2,1.4,1.6,2.8,1.2,0.1,0.7,1.3,5.1,2018,"$1,471,382"
Cory Joseph,PG,26,IND,82,17,27.0,3.1,7.4,.424,0.8,2.3,.353,2.3,5.0,.457,.479,0.9,1.1,.745,0.5,2.7,3.2,3.2,1.0,0.2,1.1,1.7,7.9,2018,"$7,945,000"
Frank Kaminsky,PF,24,CHO,79,4,23.2,3.9,9.1,.429,1.3,3.5,.380,2.6,5.6,.459,.501,2.0,2.5,.799,0.6,3.1,3.6,1.6,0.5,0.2,0.8,1.2,11.1,2018,"$3,627,842"
Enes Kanter,C,25,NYK,71,71,25.8,5.9,10.0,.592,0.0,0.0,.000,5.9,10.0,.594,.592,2.2,2.6,.848,3.8,7.1,11.0,1.5,0.5,0.5,1.7,2.6,14.1,2018,"$18,622,514"
Luke Kennard,SG,21,DET,73,9,20.0,2.8,6.4,.443,1.1,2.7,.415,1.7,3.7,.463,.530,0.9,1.0,.855,0.3,2.1,2.4,1.7,0.6,0.2,0.9,1.2,7.6,2018,"$3,275,280"
Michael Kidd-Gilchrist,SF,24,CHO,74,74,25.0,3.8,7.6,.504,0.0,0.0,.000,3.8,7.5,.505,.504,1.6,2.3,.684,1.1,2.9,4.1,1.0,0.7,0.4,0.7,1.9,9.2,2018,"$13,000,000"
Sean Kilpatrick,SG,28,TOT,52,1,12.3,2.1,5.7,.374,0.9,2.8,.319,1.2,2.9,.427,.452,1.2,1.4,.889,0.1,1.6,1.7,0.9,0.3,0.1,0.7,0.6,6.3,2018,"$2,054,856"
Maxi Kleber,PF,26,DAL,72,36,16.8,2.1,4.3,.489,0.6,1.8,.313,1.5,2.5,.613,.553,0.6,0.8,.746,1.0,2.3,3.3,0.7,0.4,0.7,0.4,1.6,5.4,2018,"$815,615"
Furkan Korkmaz,SG,20,PHI,14,0,5.7,0.6,2.0,.286,0.4,1.2,.294,0.2,0.8,.273,.375,0.1,0.3,.500,0.1,0.6,0.8,0.3,0.1,0.1,0.1,0.9,1.6,2018,"$1,740,000"
Kyle Korver,SG,36,CLE,73,4,21.6,3.0,6.6,.459,2.2,5.2,.436,0.8,1.5,.537,.628,0.9,1.0,.889,0.1,2.1,2.3,1.2,0.4,0.4,0.8,1.8,9.2,2018,"$7,560,000"
Kyle Kuzma,PF,22,LAL,77,37,31.2,6.1,13.5,.450,2.1,5.6,.366,4.0,7.9,.511,.527,1.9,2.7,.707,1.1,5.1,6.3,1.8,0.6,0.4,1.8,2.1,16.1,2018,"$1,423,560"
Jeremy Lamb,SG,25,CHO,80,18,24.6,4.8,10.4,.457,1.2,3.2,.370,3.6,7.2,.495,.513,2.2,2.6,.861,0.6,3.4,4.1,2.3,0.8,0.4,1.2,1.7,12.9,2018,"$7,488,372"
Joffrey Lauvergne,C,26,SAS,55,1,9.7,1.8,3.5,.516,0.0,0.1,.000,1.8,3.4,.530,.516,0.5,0.9,.638,1.1,2.0,3.1,0.7,0.2,0.1,0.6,0.8,4.1,2018,"$1,524,305"
Jake Layman,SF,23,POR,35,1,4.6,0.4,1.3,.298,0.1,0.6,.200,0.3,0.8,.370,.340,0.1,0.1,.667,0.1,0.3,0.5,0.3,0.2,0.1,0.1,0.4,1.0,2018,"$1,312,611"
T.J. Leaf,PF,20,IND,53,0,8.7,1.2,2.6,.471,0.3,0.8,.429,0.9,1.8,.489,.537,0.2,0.3,.625,0.5,1.0,1.5,0.2,0.1,0.1,0.2,0.8,2.9,2018,"$2,407,560"
Courtney Lee,SG,32,NYK,76,69,30.4,4.5,9.9,.454,1.5,3.7,.406,3.0,6.3,.482,.529,1.5,1.6,.919,0.4,2.6,2.9,2.4,1.1,0.2,1.1,1.4,12.0,2018,"$12,253,780"
Alex Len,C,24,PHO,69,13,20.2,3.1,5.5,.566,0.0,0.0,.333,3.1,5.4,.568,.567,2.3,3.3,.684,2.5,5.0,7.5,1.2,0.4,0.9,1.1,2.3,8.5,2018,"$4,187,599"
Kawhi Leonard,SF,26,SAS,9,9,23.3,5.8,12.3,.468,1.2,3.9,.314,4.6,8.4,.539,.518,3.4,4.2,.816,0.7,4.0,4.7,2.3,2.0,1.0,1.8,1.0,16.2,2018,"$18,868,626"
Meyers Leonard,C,25,POR,33,2,7.7,1.4,2.4,.590,0.3,0.8,.423,1.1,1.6,.673,.660,0.3,0.3,.818,0.4,1.8,2.1,0.5,0.2,0.0,0.3,1.1,3.4,2018,"$9,904,495"
Jon Leuer,PF,28,DET,8,0,17.0,1.9,4.5,.417,0.0,0.4,.000,1.9,4.1,.455,.417,1.6,1.9,.867,0.9,3.1,4.0,0.6,0.1,0.4,0.9,2.0,5.4,2018,"$10,002,681"
Caris LeVert,SF,23,BRK,71,10,26.3,4.5,10.4,.435,1.2,3.5,.347,3.3,6.9,.480,.493,1.9,2.6,.711,0.7,2.9,3.7,4.2,1.2,0.3,2.2,2.2,12.1,2018,"$1,702,800"
DeAndre Liggins,SG,29,TOT,58,4,12.5,0.7,1.8,.377,0.3,0.9,.358,0.4,0.9,.396,.467,0.0,0.1,.400,0.1,1.2,1.3,0.8,0.6,0.2,0.3,1.4,1.7,2018,"$588,120"
Damian Lillard,PG,27,POR,73,73,36.6,8.5,19.4,.439,3.1,8.6,.361,5.4,10.8,.501,.519,6.8,7.4,.916,0.8,3.6,4.5,6.6,1.1,0.4,2.8,1.6,26.9,2018,"$26,153,057"
Jeremy Lin,PG,29,BRK,1,1,25.0,5.0,12.0,.417,1.0,2.0,.500,4.0,10.0,.400,.458,7.0,7.0,1.000,0.0,0.0,0.0,4.0,0.0,0.0,3.0,3.0,18.0,2018,"$12,516,746"
Shaun Livingston,PG,32,GSW,71,7,15.9,2.4,4.8,.501,0.0,0.1,.000,2.4,4.8,.509,.501,0.7,0.9,.820,0.5,1.4,1.8,2.0,0.5,0.3,0.8,1.6,5.5,2018,"$7,692,308"
Kevon Looney,C,21,GSW,66,4,13.8,1.7,2.9,.580,0.0,0.1,.200,1.7,2.8,.590,.583,0.6,1.2,.545,1.3,2.0,3.3,0.6,0.5,0.8,0.5,1.6,4.0,2018,"$1,471,382"
Brook Lopez,C,29,LAL,74,72,23.4,5.0,10.7,.465,1.5,4.4,.345,3.5,6.3,.549,.536,1.5,2.1,.703,1.0,3.0,4.0,1.7,0.4,1.3,1.3,2.6,13.0,2018,"$22,642,650"
Robin Lopez,C,29,CHI,64,64,26.4,5.3,10.1,.530,0.1,0.2,.286,5.3,9.9,.536,.533,1.1,1.4,.756,2.1,2.4,4.5,1.9,0.2,0.8,1.7,1.7,11.8,2018,"$14,357,750"
Kevin Love,C,29,CLE,59,59,28.0,5.7,12.4,.458,2.3,5.6,.415,3.3,6.8,.494,.552,4.0,4.5,.880,1.7,7.5,9.3,1.7,0.7,0.4,1.5,2.0,17.6,2018,"$24,119,025"
Kyle Lowry,PG,31,TOR,78,78,32.2,5.2,12.1,.427,3.1,7.6,.399,2.1,4.5,.474,.553,2.9,3.3,.854,0.8,4.7,5.6,6.9,1.1,0.2,2.3,2.5,16.2,2018,"$31,200,000"
Trey Lyles,PF,22,DEN,73,2,19.1,3.7,7.5,.491,1.1,3.0,.381,2.6,4.5,.563,.566,1.4,2.0,.706,0.8,4.0,4.8,1.2,0.4,0.5,0.8,1.5,9.9,2018,"$2,441,400"
Shelvin Mack,PG,27,ORL,69,3,19.8,2.6,6.0,.430,0.7,2.0,.345,1.9,4.0,.473,.488,1.0,1.4,.711,0.3,2.1,2.4,3.9,0.8,0.1,1.3,1.3,6.9,2018,"$6,000,000"
Ian Mahinmi,C,31,WAS,77,0,14.9,1.8,3.2,.556,0.0,0.0,.000,1.8,3.2,.561,.556,1.2,1.7,.703,1.8,2.3,4.1,0.7,0.5,0.5,1.3,3.0,4.8,2018,"$15,944,154"
Thon Maker,C,20,MIL,74,12,16.7,1.8,4.3,.411,0.4,1.4,.298,1.3,2.9,.467,.460,0.9,1.3,.699,1.0,2.0,3.0,0.6,0.5,0.7,0.6,2.2,4.8,2018,"$2,799,720"
Lauri Markkanen,PF,20,CHI,68,68,29.7,5.5,12.7,.434,2.1,5.9,.362,3.4,6.8,.497,.518,2.1,2.4,.843,1.2,6.3,7.5,1.2,0.6,0.6,1.2,1.5,15.2,2018,"$4,536,120"
Jarell Martin,PF,23,MEM,73,36,22.8,3.0,6.8,.446,0.5,1.3,.347,2.6,5.5,.470,.480,1.2,1.6,.767,1.3,3.0,4.4,1.0,0.5,0.7,1.2,2.9,7.7,2018,"$1,471,382"
Frank Mason III,PG,23,SAC,52,2,18.9,2.8,7.3,.379,0.6,1.7,.360,2.2,5.7,.384,.420,1.8,2.2,.817,0.6,1.9,2.5,2.8,0.7,0.2,1.3,1.4,7.9,2018,"$1,184,385"
Wesley Matthews,SF,31,DAL,63,62,33.8,4.5,11.1,.406,2.4,6.4,.381,2.1,4.7,.441,.516,1.3,1.6,.822,0.4,2.7,3.1,2.7,1.2,0.3,1.3,2.2,12.7,2018,"$17,884,176"
Luc Mbah a Moute,PF,31,HOU,61,15,25.6,2.7,5.7,.481,1.0,2.8,.364,1.7,2.8,.599,.572,1.1,1.6,.684,0.4,2.7,3.0,0.9,1.2,0.4,1.1,1.6,7.5,2018,"$1,471,382"
Patrick McCaw,SG,22,GSW,57,10,16.9,1.6,3.9,.409,0.3,1.4,.238,1.3,2.5,.503,.451,0.5,0.6,.765,0.3,1.2,1.4,1.4,0.8,0.2,0.7,1.2,4.0,2018,"$1,312,611"
CJ McCollum,SG,26,POR,81,81,36.1,8.2,18.6,.443,2.3,5.9,.397,5.9,12.7,.465,.506,2.6,3.1,.836,0.7,3.3,4.0,3.4,1.0,0.4,1.9,2.1,21.4,2018,"$23,962,573"
T.J. McConnell,PG,25,PHI,76,1,22.4,2.8,5.5,.499,0.4,0.8,.435,2.4,4.7,.510,.531,0.4,0.5,.795,0.5,2.5,3.0,4.0,1.2,0.2,1.5,1.6,6.3,2018,"$1,600,520"
Chris McCullough,PF,22,WAS,19,0,4.7,0.9,2.2,.429,0.1,0.4,.125,0.9,1.8,.500,.440,0.5,0.7,.643,0.4,0.9,1.3,0.2,0.0,0.3,0.1,0.4,2.4,2018,"$1,471,382"
Doug McDermott,SF,26,TOT,81,4,21.8,2.9,6.3,.467,1.1,2.7,.426,1.8,3.6,.497,.557,0.8,1.0,.790,0.5,2.0,2.5,1.0,0.2,0.2,0.7,1.5,7.8,2018,"$3,294,994"
JaVale McGee,C,30,GSW,65,17,9.5,2.1,3.4,.621,0.0,0.1,.000,2.1,3.3,.638,.621,0.6,0.8,.731,0.9,1.7,2.6,0.5,0.3,0.9,0.4,1.4,4.8,2018,"$1,471,382"
Rodney McGruder,SG,26,MIA,18,2,16.6,2.0,4.1,.493,0.8,1.9,.429,1.2,2.1,.553,.596,0.2,0.4,.500,0.6,1.2,1.8,0.9,0.4,0.2,0.2,1.2,5.1,2018,"$1,544,951"
Alfonzo McKinnie,SF,25,TOR,14,0,3.8,0.6,1.1,.533,0.2,0.6,.333,0.4,0.4,.833,.633,0.1,0.2,.667,0.1,0.4,0.5,0.1,0.1,0.1,0.2,0.6,1.5,2018,"$1,378,242"
Ben McLemore,SG,24,MEM,56,17,19.5,2.8,6.7,.421,1.0,2.8,.346,1.8,3.8,.477,.495,0.9,1.1,.828,0.6,1.9,2.5,0.9,0.7,0.3,1.1,2.5,7.5,2018,"$5,200,000"
Jodie Meeks,SG,30,WAS,77,0,14.5,2.0,5.1,.399,0.9,2.7,.343,1.1,2.4,.464,.491,1.3,1.5,.863,0.2,1.4,1.6,0.9,0.4,0.1,0.5,0.7,6.3,2018,"$3,454,500"
Salah Mejri,C,31,DAL,61,1,12.0,1.4,2.2,.642,0.0,0.0,.000,1.4,2.2,.657,.642,0.6,1.1,.576,1.4,2.6,4.0,0.6,0.4,1.1,0.6,2.0,3.5,2018,"$1,471,382"
Khris Middleton,SF,26,MIL,82,82,36.4,7.2,15.5,.466,1.8,5.0,.359,5.5,10.5,.517,.524,3.9,4.4,.884,0.5,4.7,5.2,4.0,1.5,0.3,2.3,3.3,20.1,2018,"$1,300,000"
C.J. Miles,SF,30,TOR,70,3,19.1,3.2,8.6,.379,2.3,6.5,.361,0.9,2.1,.434,.516,1.2,1.4,.835,0.3,1.9,2.2,0.8,0.5,0.3,0.6,1.9,10.0,2018,"$7,936,509"
Darius Miller,SF,27,NOP,82,3,23.7,2.6,5.9,.444,1.8,4.4,.411,0.8,1.6,.535,.594,0.7,0.8,.866,0.2,1.8,2.0,1.4,0.3,0.2,0.7,2.0,7.8,2018,"$2,100,000"
Patty Mills,PG,29,SAS,82,36,25.7,3.4,8.3,.411,1.9,5.0,.372,1.5,3.3,.470,.523,1.3,1.4,.890,0.3,1.6,1.9,2.8,0.7,0.1,1.3,1.6,10.0,2018,"$10,714,286"
Paul Millsap,PF,32,DEN,38,37,30.1,5.3,11.4,.464,1.0,3.0,.345,4.3,8.5,.506,.509,2.9,4.2,.696,1.7,4.7,6.4,2.8,1.0,1.2,1.9,2.6,14.6,2018,"$31,269,231"
Donovan Mitchell,SG,21,UTA,79,71,33.4,7.5,17.2,.437,2.4,7.0,.340,5.2,10.3,.502,.506,3.0,3.8,.805,0.7,3.1,3.7,3.7,1.5,0.3,2.7,2.7,20.5,2018,"$2,621,280"
Malik Monk,SG,19,CHO,63,0,13.6,2.4,6.7,.360,1.3,3.9,.342,1.1,2.9,.385,.458,0.5,0.6,.842,0.1,0.9,1.0,1.4,0.3,0.1,0.8,1.0,6.7,2018,"$3,447,480"
E'Twaun Moore,SG,28,NOP,82,80,31.5,5.2,10.1,.508,1.6,3.7,.425,3.6,6.5,.556,.585,0.6,0.8,.706,0.7,2.2,2.9,2.3,1.0,0.1,1.2,2.2,12.5,2018,"$8,445,024"
Markieff Morris,PF,28,WAS,73,73,27.0,4.5,9.4,.480,1.0,2.8,.367,3.5,6.6,.529,.536,1.4,1.8,.820,1.0,4.6,5.6,1.9,0.8,0.5,1.7,3.0,11.5,2018,"$8,600,000"
Timofey Mozgov,C,31,BRK,31,13,11.6,1.7,3.0,.559,0.1,0.6,.222,1.5,2.4,.640,.581,0.7,1.0,.767,1.0,2.1,3.2,0.4,0.2,0.4,1.1,1.3,4.2,2018,"$16,000,000"
Emmanuel Mudiay,PG,21,TOT,64,14,19.5,3.2,8.2,.388,0.7,2.3,.318,2.5,5.9,.415,.433,1.5,2.0,.760,0.4,2.0,2.4,3.2,0.6,0.2,1.8,1.3,8.6,2018,"$4,294,480"
Dejounte Murray,PG,21,SAS,81,48,21.5,3.3,7.5,.443,0.1,0.4,.265,3.2,7.1,.454,.451,1.3,1.8,.709,1.4,4.3,5.7,2.9,1.2,0.4,1.7,1.9,8.1,2018,"$1,312,611"
Jamal Murray,PG,20,DEN,81,80,31.7,5.9,13.1,.451,2.0,5.4,.378,3.9,7.7,.502,.529,2.8,3.1,.905,1.0,2.7,3.7,3.4,1.0,0.3,2.1,2.1,16.7,2018,"$3,355,320"
Mike Muscala,C,26,ATL,53,7,20.0,2.7,5.9,.458,1.2,3.2,.371,1.5,2.7,.559,.558,1.1,1.2,.919,1.1,3.3,4.3,1.0,0.6,0.5,0.8,1.5,7.6,2018,"$5,000,000"
Abdel Nader,SF,24,BOS,48,1,10.9,1.0,3.1,.336,0.5,1.4,.354,0.6,1.8,.321,.413,0.5,0.8,.590,0.3,1.2,1.5,0.5,0.3,0.2,0.7,0.9,3.0,2018,"$1,167,333"
Larry Nance Jr.,C,25,TOT,66,27,21.5,3.6,6.3,.581,0.0,0.2,.167,3.6,6.1,.594,.584,1.4,2.1,.664,2.4,4.4,6.8,1.2,1.3,0.6,0.8,2.6,8.7,2018,"$2,272,391"
Shabazz Napier,PG,26,POR,74,10,20.7,3.0,7.2,.420,1.1,2.9,.376,1.9,4.2,.450,.497,1.6,1.9,.841,0.4,1.9,2.3,2.0,1.1,0.2,1.2,1.1,8.7,2018,"$2,361,360"
Raul Neto,PG,25,UTA,41,0,12.1,1.7,3.7,.457,0.5,1.1,.404,1.2,2.5,.481,.520,0.6,0.9,.743,0.2,1.0,1.2,1.8,0.3,0.1,0.9,0.9,4.5,2018,"$1,471,382"
Nerlens Noel,C,23,DAL,30,6,15.7,1.8,3.5,.524,0.0,0.0,.000,1.8,3.5,.529,.524,0.7,0.9,.750,1.6,4.0,5.6,0.7,1.0,0.7,0.9,2.0,4.4,2018,"$4,187,599"
Dirk Nowitzki,C,39,DAL,77,77,24.7,4.5,9.8,.456,1.8,4.4,.409,2.7,5.5,.494,.547,1.3,1.4,.898,0.3,5.4,5.7,1.6,0.6,0.6,0.7,1.9,12.0,2018,"$5,000,000"
Frank Ntilikina,PG,19,NYK,78,9,21.9,2.3,6.4,.364,0.6,2.0,.318,1.7,4.4,.385,.414,0.6,0.9,.721,0.5,1.8,2.3,3.2,0.8,0.2,1.7,2.3,5.9,2018,"$4,155,720"
Royce O'Neale,SF,24,UTA,69,4,16.7,1.7,4.1,.423,0.6,1.7,.356,1.1,2.4,.470,.496,0.9,1.1,.803,0.4,3.1,3.4,1.4,0.5,0.2,0.8,1.5,5.0,2018,"$815,615"
Semi Ojeleye,PF,23,BOS,73,0,15.8,0.9,2.6,.346,0.5,1.7,.320,0.3,0.9,.397,.452,0.3,0.6,.610,0.5,1.7,2.2,0.3,0.3,0.1,0.3,1.2,2.7,2018,"$1,291,892"
Victor Oladipo,SG,25,IND,75,75,34.0,8.5,17.9,.477,2.1,5.8,.371,6.4,12.1,.528,.537,3.9,4.9,.799,0.6,4.6,5.2,4.3,2.4,0.8,2.9,2.3,23.1,2018,"$21,000,000"
Kelly Olynyk,PF,26,MIA,76,22,23.4,4.2,8.4,.497,1.4,3.7,.379,2.8,4.7,.590,.580,1.8,2.3,.770,1.2,4.5,5.7,2.7,0.8,0.5,1.9,2.9,11.5,2018,"$12,537,527"
Cedi Osman,SF,22,CLE,61,12,11.0,1.5,3.0,.484,0.5,1.4,.368,1.0,1.6,.586,.570,0.4,0.8,.565,0.3,1.7,2.0,0.7,0.4,0.0,0.5,1.3,3.9,2018,"$2,775,000"
Kelly Oubre Jr.,SF,22,WAS,81,11,27.5,3.9,9.8,.403,1.6,4.6,.341,2.4,5.2,.456,.482,2.4,2.9,.820,0.7,3.8,4.5,1.2,1.0,0.4,1.1,2.9,11.8,2018,"$3,208,630"
Zaza Pachulia,C,33,GSW,69,57,14.1,2.2,3.8,.564,0.0,0.0,.000,2.2,3.8,.567,.564,1.1,1.3,.806,1.3,3.4,4.7,1.6,0.6,0.2,1.0,1.8,5.4,2018,"$3,477,600"
Tony Parker,PG,35,SAS,55,21,19.5,3.2,7.1,.459,0.2,0.7,.270,3.1,6.4,.479,.472,1.0,1.4,.705,0.1,1.6,1.7,3.5,0.5,0.0,1.2,0.9,7.7,2018,"$15,453,126"
Chandler Parsons,SF,29,MEM,36,8,19.2,3.0,6.5,.462,1.4,3.4,.421,1.6,3.1,.504,.571,0.5,0.8,.630,0.4,2.1,2.5,1.9,0.5,0.3,1.0,1.5,7.9,2018,"$23,112,004"
Patrick Patterson,PF,28,OKC,82,3,15.5,1.3,3.2,.398,0.8,2.1,.386,0.5,1.2,.421,.523,0.5,0.6,.870,0.4,2.0,2.4,0.7,0.6,0.3,0.4,1.1,3.9,2018,"$5,192,000"
Brandon Paul,SG,26,SAS,64,2,9.0,0.9,2.0,.433,0.2,0.8,.278,0.6,1.1,.548,.492,0.3,0.7,.512,0.1,1.0,1.1,0.6,0.4,0.1,0.5,0.9,2.3,2018,"$815,615"
Chris Paul,PG,32,HOU,58,58,31.8,6.3,13.8,.460,2.5,6.5,.380,3.8,7.2,.532,.550,3.5,3.8,.919,0.6,4.8,5.4,7.9,1.7,0.2,2.2,2.4,18.6,2018,"$24,599,495"
Cameron Payne,PG,23,CHI,25,14,23.3,3.5,8.6,.405,1.4,3.6,.385,2.1,5.0,.419,.486,0.5,0.6,.750,0.7,2.0,2.8,4.5,1.0,0.4,1.4,1.8,8.8,2018,"$3,263,294"
Elfrid Payton,PG,23,TOT,63,63,28.7,5.2,10.6,.493,0.5,1.5,.326,4.7,9.1,.520,.516,1.7,2.7,.649,1.0,3.3,4.3,6.2,1.3,0.3,2.7,2.3,12.7,2018,"$3,332,340"
Mason Plumlee,C,27,DEN,74,26,19.4,3.0,5.0,.601,0.0,0.0,.000,3.0,5.0,.602,.601,1.1,2.4,.458,1.8,3.6,5.4,1.9,0.7,1.1,1.4,2.5,7.1,2018,"$14,041,096"
Quincy Pondexter,SF,29,CHI,23,1,8.5,0.6,2.1,.286,0.1,1.0,.136,0.5,1.2,.407,.316,0.6,0.7,.824,0.3,0.8,1.2,0.4,0.3,0.1,0.5,1.0,2.0,2018,"$3,853,931"
Bobby Portis,PF,22,CHI,73,4,22.5,5.2,11.1,.471,1.1,3.1,.359,4.1,8.1,.514,.520,1.6,2.1,.769,2.2,4.6,6.8,1.7,0.7,0.3,1.4,1.8,13.2,2018,"$2,494,346"
Dwight Powell,C,26,DAL,79,25,21.2,3.2,5.4,.593,0.4,1.1,.333,2.9,4.4,.656,.626,1.7,2.3,.719,1.7,3.9,5.6,1.2,0.8,0.4,0.7,2.4,8.5,2018,"$9,003,125"
Norman Powell,SG,24,TOR,70,18,15.2,2.1,5.3,.401,0.8,2.7,.285,1.4,2.7,.516,.472,0.5,0.6,.821,0.2,1.5,1.7,1.3,0.5,0.2,0.9,1.6,5.5,2018,"$9,367,200"
Rodney Purvis,SG,23,ORL,16,2,18.1,2.2,6.7,.327,0.8,3.3,.250,1.4,3.4,.400,.388,0.8,0.9,.867,0.1,1.6,1.7,1.1,0.2,0.2,0.6,1.6,6.0,2018,"$1,378,242"
Zhou Qi,C,22,HOU,18,0,6.9,0.3,1.8,.188,0.1,1.1,.105,0.2,0.7,.308,.219,0.4,0.7,.667,0.3,0.9,1.2,0.1,0.1,0.8,0.6,0.8,1.2,2018,"$815,615"
Tim Quarterman,SG,23,HOU,3,0,4.3,0.3,1.0,.333,0.0,0.7,.000,0.3,0.3,1.000,.333,0.7,0.7,1.000,0.0,1.0,1.0,0.3,0.0,0.0,0.7,0.3,1.3,2018,"$96,406"
Julius Randle,C,23,LAL,82,49,26.7,6.1,11.0,.558,0.1,0.5,.222,6.0,10.5,.575,.563,3.7,5.2,.718,2.2,5.8,8.0,2.6,0.5,0.5,2.6,3.3,16.1,2018,"$4,149,242"
Zach Randolph,PF,36,SAC,59,57,25.6,6.1,12.9,.473,0.9,2.5,.347,5.3,10.4,.503,.507,1.4,1.8,.785,1.6,5.1,6.7,2.2,0.7,0.2,2.0,2.0,14.5,2018,"$12,307,692"
Xavier Rathan-Mayes,SG,23,MEM,5,0,23.6,2.4,8.4,.286,0.2,2.8,.071,2.2,5.6,.393,.298,0.8,1.8,.444,0.0,1.0,1.0,3.6,1.2,0.6,2.2,3.6,5.8,2018,"$815,615"
Davon Reed,SG,22,PHO,21,1,11.5,1.0,3.6,.289,0.5,1.8,.289,0.5,1.8,.289,.362,0.4,0.6,.667,0.1,1.8,1.9,0.6,0.5,0.1,0.5,0.8,3.0,2018,"$815,615"
Willie Reed,C,27,TOT,42,5,10.2,1.9,2.9,.669,0.0,0.0,.500,1.9,2.8,.672,.674,0.8,1.3,.582,0.8,2.0,2.9,0.2,0.2,0.5,0.5,1.3,4.6,2018,"$1,471,382"
Josh Richardson,SF,24,MIA,81,81,33.2,4.9,10.9,.451,1.6,4.1,.378,3.4,6.8,.495,.523,1.5,1.8,.845,0.9,2.7,3.5,2.9,1.5,0.9,1.7,2.5,12.9,2018,"$9,367,200"
Malachi Richardson,SG,22,TOT,26,4,12.5,1.2,3.5,.333,0.5,1.5,.300,0.7,1.9,.360,.400,0.7,0.8,.773,0.2,1.1,1.3,0.5,0.4,0.0,0.4,1.0,3.4,2018,"$1,569,360"
Austin Rivers,SG,25,LAC,61,59,33.7,5.6,13.2,.424,2.2,5.9,.378,3.4,7.3,.461,.508,1.7,2.6,.642,0.4,1.9,2.4,4.0,1.2,0.3,1.8,2.5,15.1,2018,"$12,650,000"
Andre Roberson,SG,26,OKC,39,39,26.6,2.2,4.2,.537,0.2,0.9,.222,2.0,3.2,.627,.562,0.3,1.0,.316,1.9,2.8,4.7,1.2,1.2,0.9,0.8,2.3,5.0,2018,"$9,259,260"
Rajon Rondo,PG,31,NOP,65,63,26.2,3.6,7.6,.468,0.8,2.3,.333,2.8,5.3,.526,.518,0.4,0.7,.543,0.5,3.6,4.0,8.2,1.1,0.2,2.3,1.8,8.3,2018,"$3,300,000"
Derrick Rose,PG,29,TOT,25,7,16.8,3.2,7.4,.435,0.3,1.2,.233,3.0,6.2,.474,.454,1.6,1.8,.870,0.5,0.9,1.4,1.5,0.3,0.2,1.4,0.6,8.4,2018,"$290,951"
Terrence Ross,SG,26,ORL,24,20,25.0,3.2,8.0,.398,1.3,3.9,.323,1.9,4.1,.469,.476,1.1,1.5,.750,0.4,2.6,3.0,1.6,1.1,0.5,1.2,1.9,8.7,2018,"$10,500,000"
Terry Rozier,PG,23,BOS,80,16,25.9,4.0,10.0,.395,1.9,5.0,.381,2.0,5.0,.410,.491,1.4,1.9,.772,0.8,3.9,4.7,2.9,1.0,0.2,1.0,1.5,11.3,2018,"$1,988,520"
Ricky Rubio,PG,27,UTA,77,77,29.3,4.5,10.7,.418,1.2,3.5,.352,3.2,7.2,.451,.476,2.9,3.3,.866,0.6,4.0,4.6,5.3,1.6,0.1,2.7,2.7,13.1,2018,"$14,275,000"
D'Angelo Russell,PG,21,BRK,48,35,25.7,5.8,14.0,.414,1.9,5.8,.324,3.9,8.2,.477,.481,2.0,2.7,.740,0.6,3.3,3.9,5.2,0.8,0.4,3.1,1.9,15.5,2018,"$7,019,698"
Domantas Sabonis,C,21,IND,74,19,24.5,4.6,8.9,.514,0.2,0.5,.351,4.4,8.4,.524,.524,2.3,3.0,.750,2.2,5.5,7.7,2.0,0.5,0.4,1.9,3.0,11.6,2018,"$2,659,800"
Thabo Sefolosha,SF,33,UTA,38,6,21.2,3.1,6.3,.492,0.8,2.2,.381,2.3,4.1,.551,.558,1.2,1.4,.815,0.8,3.5,4.2,0.9,1.4,0.3,0.8,1.6,8.2,2018,"$5,500,000"
Wayne Selden,SG,23,MEM,35,9,19.8,3.3,7.7,.431,1.4,3.5,.402,1.9,4.2,.456,.522,1.3,1.7,.746,0.5,1.1,1.6,1.9,0.5,0.1,1.5,1.7,9.3,2018,"$1,312,611"
Iman Shumpert,SG,27,CLE,14,6,19.7,1.6,4.1,.379,0.5,1.9,.269,1.1,2.3,.469,.440,0.8,1.1,.733,0.5,2.4,2.9,1.2,0.6,0.3,1.1,1.6,4.4,2018,"$10,337,079"
Pascal Siakam,PF,23,TOR,81,5,20.7,3.1,6.1,.508,0.4,1.6,.220,2.8,4.5,.612,.537,0.7,1.1,.621,1.0,3.5,4.5,2.0,0.8,0.5,0.8,2.0,7.3,2018,"$1,544,951"
Ben Simmons,PG,21,PHI,81,81,33.7,6.7,12.3,.545,0.0,0.1,.000,6.7,12.2,.551,.545,2.4,4.2,.560,1.8,6.3,8.1,8.2,1.7,0.9,3.4,2.6,15.8,2018,"$6,434,520"
Jonathon Simmons,SG,28,ORL,69,50,29.4,5.1,11.0,.465,1.0,3.0,.338,4.1,8.1,.512,.511,2.7,3.5,.768,0.9,2.6,3.5,2.5,0.8,0.2,2.1,2.5,13.9,2018,"$6,000,000"
Kyle Singler,SF,29,OKC,12,0,4.9,0.6,1.8,.333,0.2,0.4,.400,0.4,1.3,.313,.381,0.6,1.1,.538,0.1,0.8,0.8,0.2,0.1,0.0,0.3,0.3,1.9,2018,"$4,666,500"
Dennis Smith Jr.,PG,20,DAL,69,69,29.7,5.9,14.8,.395,1.5,4.9,.313,4.3,9.9,.435,.446,1.9,2.8,.694,0.7,3.0,3.8,5.2,1.0,0.3,2.8,2.2,15.2,2018,"$3,218,280"
Ish Smith,PG,29,DET,82,35,24.9,4.7,9.8,.486,0.4,1.2,.347,4.3,8.5,.506,.507,1.0,1.4,.698,0.3,2.4,2.7,4.4,0.8,0.2,1.3,1.7,10.9,2018,"$6,000,000"
Jason Smith,C,31,WAS,33,2,8.6,1.4,3.5,.391,0.1,1.0,.125,1.2,2.5,.494,.409,0.6,0.6,.905,0.5,1.1,1.6,0.4,0.1,0.4,0.5,1.3,3.4,2018,"$5,450,000"
Tony Snell,SG,26,MIL,75,59,27.4,2.5,5.7,.435,1.4,3.6,.403,1.0,2.1,.490,.562,0.5,0.6,.792,0.1,1.8,1.9,1.3,0.6,0.4,0.5,1.5,6.9,2018,"$10,607,143"
Caleb Swanigan,PF,20,POR,27,3,7.0,0.9,2.2,.400,0.0,0.3,.125,0.9,1.9,.442,.408,0.4,0.7,.667,0.6,1.4,2.0,0.5,0.2,0.1,0.7,1.4,2.3,2018,"$1,465,920"
Jayson Tatum,SF,19,BOS,80,80,30.5,5.0,10.4,.475,1.3,3.0,.434,3.7,7.4,.492,.538,2.7,3.2,.826,0.6,4.4,5.0,1.6,1.0,0.7,1.4,2.1,13.9,2018,"$5,645,400"
Isaiah Taylor,PG,23,ATL,67,9,17.4,2.4,5.8,.418,0.3,1.2,.250,2.1,4.6,.461,.444,1.5,2.1,.702,0.3,1.1,1.4,3.1,0.5,0.1,1.3,1.7,6.6,2018,"$1,544,951"
Jeff Teague,PG,29,MIN,70,70,33.0,5.1,11.3,.446,1.2,3.3,.368,3.9,8.1,.477,.499,2.9,3.4,.845,0.3,2.6,3.0,7.0,1.5,0.3,2.5,2.4,14.2,2018,"$19,000,000"
Marquis Teague,PG,24,MEM,3,0,24.7,1.3,5.3,.250,0.3,1.3,.250,1.0,4.0,.250,.281,0.7,1.7,.400,0.3,1.7,2.0,4.3,1.3,0.0,1.0,1.7,3.7,2018,"$74,186"
Garrett Temple,SG,31,SAC,65,35,24.8,3.1,7.3,.418,1.4,3.5,.392,1.7,3.8,.442,.512,0.9,1.2,.769,0.3,2.0,2.3,1.9,0.9,0.4,1.2,2.1,8.4,2018,"$8,000,000"
Daniel Theis,C,25,BOS,63,3,14.9,2.0,3.7,.541,0.3,0.9,.310,1.7,2.8,.617,.579,1.0,1.3,.753,1.4,2.9,4.3,0.9,0.5,0.8,0.9,2.5,5.3,2018,"$815,615"
Isaiah Thomas,PG,28,TOT,32,15,26.9,4.9,13.2,.373,1.7,5.9,.293,3.2,7.3,.438,.438,3.7,4.1,.893,0.5,1.6,2.1,4.8,0.5,0.1,3.0,1.8,15.2,2018,"$6,261,395"
Lance Thomas,PF,29,NYK,73,31,18.5,1.4,3.7,.382,0.7,1.7,.403,0.7,2.0,.364,.476,0.6,0.7,.830,0.6,1.8,2.4,0.6,0.4,0.2,0.5,1.8,4.1,2018,"$7,119,650"
Klay Thompson,SG,27,GSW,73,73,34.3,7.9,16.2,.488,3.1,7.1,.440,4.7,9.0,.526,.585,1.1,1.3,.837,0.4,3.4,3.8,2.5,0.8,0.5,1.8,1.6,20.0,2018,"$17,826,150"
Sindarius Thornwell,SG,23,LAC,73,17,15.8,1.4,3.2,.429,0.3,0.8,.377,1.1,2.4,.448,.479,0.8,1.2,.670,0.5,1.5,1.9,0.9,0.7,0.3,0.7,1.7,3.9,2018,"$815,615"
Anthony Tolliver,PF,32,DET,79,14,22.2,2.8,6.0,.464,2.0,4.6,.436,0.8,1.4,.561,.632,1.3,1.7,.797,0.6,2.4,3.1,1.1,0.4,0.3,0.7,1.8,8.9,2018,"$3,290,000"
Karl-Anthony Towns,C,22,MIN,82,82,35.6,7.8,14.3,.545,1.5,3.5,.421,6.3,10.8,.585,.596,4.2,4.9,.858,2.9,9.4,12.3,2.4,0.8,1.4,1.9,3.5,21.3,2018,"$6,216,840"
P.J. Tucker,PF,32,HOU,82,34,27.8,2.1,5.4,.390,1.4,3.8,.371,0.7,1.6,.435,.520,0.5,0.7,.717,1.1,4.4,5.6,0.9,1.0,0.3,0.9,2.5,6.1,2018,"$7,590,035"
Evan Turner,SF,29,POR,79,40,25.7,3.3,7.3,.447,0.5,1.7,.318,2.7,5.6,.485,.484,1.2,1.4,.850,0.4,2.7,3.1,2.2,0.6,0.4,1.3,2.1,8.2,2018,"$17,131,148"
Myles Turner,C,21,IND,65,62,28.2,4.7,9.8,.479,0.9,2.4,.357,3.8,7.4,.519,.523,2.5,3.2,.777,1.4,5.0,6.4,1.3,0.6,1.8,1.5,2.9,12.7,2018,"$3,410,284"
Ekpe Udoh,C,30,UTA,63,3,12.9,1.0,1.9,.500,0.0,0.0,.000,1.0,1.9,.504,.500,0.7,0.9,.750,1.1,1.3,2.4,0.8,0.7,1.2,0.3,1.7,2.6,2018,"$3,200,000"
Tyler Ulis,PG,22,PHO,71,43,23.4,3.0,7.8,.388,0.6,2.1,.288,2.4,5.7,.425,.426,1.2,1.4,.832,0.3,1.5,1.8,4.4,1.0,0.1,1.8,1.7,7.8,2018,"$1,312,611"
Denzel Valentine,SG,24,CHI,77,37,27.2,3.9,9.4,.417,1.9,4.8,.386,2.1,4.6,.450,.517,0.5,0.7,.745,0.6,4.5,5.1,3.2,0.8,0.1,1.3,2.4,10.2,2018,"$2,280,600"
Rashad Vaughn,SG,21,TOT,28,0,7.6,0.8,2.0,.411,0.5,1.3,.378,0.3,0.7,.474,.536,0.1,0.2,.667,0.1,0.6,0.8,0.5,0.2,0.1,0.2,0.5,2.3,2018,"$1,889,040"
Dion Waiters,SG,26,MIA,30,30,30.6,5.4,13.7,.398,1.7,5.7,.306,3.7,8.0,.463,.461,1.7,2.3,.739,0.3,2.3,2.6,3.8,0.8,0.3,2.3,2.0,14.3,2018,"$11,550,000"
Kemba Walker,PG,27,CHO,80,80,34.2,7.4,17.0,.431,2.9,7.5,.384,4.5,9.5,.469,.516,4.5,5.3,.864,0.4,2.7,3.1,5.6,1.1,0.3,2.2,1.2,22.1,2018,"$12,000,000"
John Wall,PG,27,WAS,41,41,34.4,6.8,16.3,.420,1.5,4.1,.371,5.3,12.2,.436,.466,4.3,5.9,.726,0.5,3.1,3.7,9.6,1.4,1.1,3.9,2.0,19.4,2018,"$19,169,800"
Taurean Prince,SF,23,ATL,82,82,30.0,5.1,11.9,.426,2.1,5.6,.385,2.9,6.3,.461,.516,1.9,2.2,.844,0.6,4.1,4.7,2.6,1.0,0.5,2.3,2.0,14.1,2018,"$2,526,840"
T.J. Warren,SF,24,PHO,65,65,33.0,8.1,16.4,.498,0.3,1.4,.222,7.8,15.0,.523,.507,3.0,3.9,.757,1.9,3.2,5.1,1.3,1.0,0.6,1.3,2.3,19.6,2018,"$3,152,931"
Travis Wear,SF,27,LAL,17,0,13.4,1.5,4.2,.347,1.0,2.8,.362,0.5,1.5,.320,.465,0.5,0.5,1.000,0.0,2.2,2.2,0.4,0.2,0.3,0.4,1.8,4.4,2018,"$148,318"
David West,C,37,GSW,73,0,13.7,3.0,5.2,.571,0.0,0.1,.375,2.9,5.1,.576,.575,0.8,1.1,.759,0.9,2.4,3.3,1.9,0.6,1.0,1.1,1.6,6.8,2018,"$1,471,382"
Russell Westbrook,PG,29,OKC,80,80,36.4,9.5,21.1,.449,1.2,4.1,.298,8.3,17.0,.485,.477,5.2,7.1,.737,1.9,8.2,10.1,10.3,1.8,0.3,4.8,2.5,25.4,2018,"$28,530,608"
Derrick White,PG,23,SAS,17,0,8.2,0.9,1.9,.485,0.5,0.8,.615,0.5,1.2,.400,.606,0.8,1.2,.700,0.3,1.2,1.5,0.5,0.2,0.2,0.4,0.5,3.2,2018,"$1,404,600"
Okaro White,PF,25,MIA,6,4,13.3,1.2,2.7,.438,0.7,1.8,.364,0.5,0.8,.600,.563,0.3,0.5,.667,0.5,1.3,1.8,0.3,0.2,0.2,0.2,1.0,3.3,2018,"$1,544,951"
Isaiah Whitehead,PG,22,BRK,16,0,11.3,2.5,5.4,.465,0.4,1.1,.389,2.1,4.3,.485,.506,0.8,1.2,.684,0.3,1.4,1.6,1.3,0.5,0.1,1.5,1.4,6.3,2018,"$1,312,611"
Hassan Whiteside,C,28,MIA,54,54,25.3,5.8,10.7,.540,0.0,0.0,1.000,5.7,10.7,.538,.542,2.4,3.4,.703,3.2,8.2,11.4,1.0,0.7,1.7,1.7,2.4,14.0,2018,"$25,434,262"
Andrew Wiggins,SF,22,MIN,82,82,36.3,6.9,15.9,.438,1.4,4.1,.331,5.6,11.7,.475,.481,2.5,3.8,.643,1.0,3.4,4.4,2.0,1.1,0.6,1.7,2.0,17.7,2018,"$7,574,323"
Damien Wilkins,SF,38,IND,19,1,8.0,0.7,2.1,.333,0.2,0.9,.222,0.5,1.1,.429,.385,0.2,0.2,.750,0.3,0.6,0.8,0.5,0.1,0.1,0.3,0.4,1.7,2018,"$1,471,382"
C.J. Williams,SG,27,LAC,38,17,18.6,2.3,5.2,.442,0.6,2.1,.282,1.7,3.1,.546,.497,0.3,0.4,.813,0.3,1.2,1.5,1.1,0.8,0.3,0.5,1.7,5.5,2018,"$375,000"
Lou Williams,SG,31,LAC,79,19,32.8,7.4,16.9,.435,2.4,6.6,.359,5.0,10.4,.484,.505,5.5,6.2,.880,0.5,2.0,2.5,5.3,1.1,0.2,3.0,1.3,22.6,2018,"$7,000,000"
Marvin Williams,PF,31,CHO,78,78,25.7,3.3,7.2,.458,1.6,3.9,.413,1.7,3.3,.512,.570,1.3,1.6,.829,0.9,3.8,4.7,1.2,0.7,0.5,0.8,1.5,9.5,2018,"$14,087,500"
Troy Williams,SF,23,TOT,21,1,14.6,2.4,5.2,.468,0.5,1.8,.289,1.9,3.4,.563,.518,1.0,1.4,.667,1.0,2.0,3.0,0.8,1.0,0.2,0.9,1.6,6.3,2018,"$1,544,951"
D.J. Wilson,PF,21,MIL,22,0,3.2,0.4,0.7,.563,0.1,0.2,.400,0.3,0.5,.636,.625,0.0,0.1,.500,0.1,0.4,0.5,0.1,0.1,0.0,0.2,0.3,1.0,2018,"$2,534,280"
Justise Winslow,PF,21,MIA,68,25,24.7,3.0,7.2,.424,0.7,1.9,.380,2.3,5.3,.440,.474,1.0,1.5,.635,0.9,4.5,5.4,2.2,0.8,0.5,1.1,2.1,7.8,2018,"$3,448,926"
Jeff Withey,C,27,DAL,9,0,4.3,0.7,1.8,.375,0.2,1.1,.200,0.4,0.7,.667,.438,0.1,0.2,.500,0.1,1.0,1.1,0.0,0.0,0.3,0.2,0.3,1.7,2018,"$1,577,230"
Delon Wright,PG,25,TOR,69,4,20.8,2.9,6.3,.465,0.8,2.2,.366,2.1,4.0,.520,.530,1.4,1.7,.829,0.7,2.2,2.9,2.9,1.0,0.5,1.1,1.2,8.0,2018,"$2,536,898"
Guerschon Yabusele,PF,22,BOS,33,4,7.1,0.8,1.8,.426,0.4,1.1,.324,0.4,0.7,.583,.525,0.5,0.7,.682,0.5,1.1,1.6,0.5,0.1,0.2,0.4,0.7,2.4,2018,"$2,247,480"
Nick Young,SG,32,GSW,80,8,17.4,2.5,6.1,.412,1.5,4.1,.377,1.0,2.0,.481,.538,0.7,0.8,.862,0.3,1.3,1.6,0.5,0.5,0.1,0.5,1.3,7.3,2018,"$5,192,000"
Thaddeus Young,PF,29,IND,81,81,32.2,5.2,10.7,.487,0.7,2.2,.320,4.5,8.4,.531,.521,0.7,1.1,.598,2.3,4.0,6.3,1.9,1.7,0.4,1.3,2.2,11.8,2018,"$13,964,045"
Cody Zeller,C,25,CHO,33,0,19.0,2.6,4.7,.545,0.1,0.1,.667,2.5,4.6,.542,.551,1.8,2.6,.718,2.0,3.3,5.4,0.9,0.4,0.6,1.0,2.5,7.1,2018,"$13,528,090"
Tyler Zeller,C,28,TOT,66,34,16.8,2.8,5.1,.560,0.2,0.4,.357,2.7,4.6,.578,.575,0.9,1.2,.722,1.7,3.0,4.6,0.7,0.2,0.5,0.7,1.9,6.7,2018,"$1,933,941"
Paul Zipser,SF,23,CHI,54,12,15.3,1.5,4.3,.346,0.7,2.0,.336,0.8,2.3,.355,.425,0.4,0.5,.760,0.2,2.2,2.4,0.9,0.4,0.3,0.8,1.6,4.0,2018,"$1,312,611"
Ivica Zubac,C,20,LAL,43,0,9.5,1.4,2.8,.500,0.0,0.0,.000,1.4,2.8,.504,.500,0.9,1.2,.765,1.0,1.8,2.9,0.6,0.2,0.3,0.6,1.1,3.7,2018,"$1,312,611"
Jaylen Adams,PG,22,ATL,34,1,12.6,1.1,3.2,.345,0.7,2.2,.338,0.4,1.1,.361,.459,0.2,0.3,.778,0.3,1.4,1.8,1.9,0.4,0.1,0.8,1.3,3.2,2019,"$270,014"
Grayson Allen,SG,23,UTA,38,2,10.9,1.8,4.7,.376,0.8,2.6,.323,0.9,2.1,.443,.466,1.2,1.6,.750,0.1,0.5,0.6,0.7,0.2,0.2,0.9,1.2,5.6,2019,"$2,074,320"
Ryan Anderson,PF,30,TOT,25,8,12.9,0.8,2.8,.304,0.4,1.6,.225,0.5,1.2,.414,.370,0.5,0.6,.750,0.7,1.4,2.2,0.8,0.2,0.0,0.6,1.0,2.5,2019,"$20,421,546"
Ryan Arcidiacono,PG,24,CHI,81,32,24.2,2.3,5.2,.447,1.0,2.7,.373,1.3,2.5,.527,.544,1.1,1.3,.873,0.3,2.4,2.7,3.3,0.8,0.0,0.8,2.1,6.7,2019,"$1,349,383"
Trevor Ariza,SF,33,TOT,69,69,34.0,4.3,10.7,.399,2.1,6.3,.334,2.2,4.4,.493,.498,1.9,2.4,.793,0.7,4.7,5.4,3.7,1.3,0.3,1.5,1.9,12.5,2019,"$15,000,000"
Deandre Ayton,C,20,PHO,71,70,30.7,7.2,12.3,.585,0.0,0.1,.000,7.2,12.2,.588,.585,2.0,2.7,.746,3.1,7.1,10.3,1.8,0.9,0.9,1.8,2.9,16.3,2019,"$8,165,160"
Marvin Bagley III,PF,19,SAC,62,4,25.3,5.7,11.4,.504,0.5,1.5,.313,5.3,9.8,.534,.525,2.9,4.2,.691,2.6,5.0,7.6,1.0,0.5,1.0,1.6,1.9,14.9,2019,"$7,305,600"
Ron Baker,SG,25,TOT,15,0,10.1,0.3,1.3,.200,0.1,0.9,.077,0.2,0.5,.429,.225,0.3,0.4,.833,0.1,0.7,0.7,1.0,0.4,0.1,0.3,1.2,0.9,2019,"$948,580"
Mo Bamba,C,20,ORL,47,1,16.3,2.5,5.2,.481,0.4,1.5,.300,2.0,3.7,.555,.525,0.8,1.3,.587,1.4,3.6,5.0,0.8,0.3,1.4,0.9,2.2,6.2,2019,"$4,865,040"
Harrison Barnes,PF-SF,26,TOT,77,77,32.9,5.6,13.3,.420,2.3,5.7,.395,3.3,7.6,.439,.504,3.0,3.6,.824,0.7,3.9,4.7,1.5,0.6,0.2,1.3,1.6,16.4,2019,"$24,107,258"
Keita Bates-Diop,SF,23,MIN,30,3,16.8,2.0,4.7,.423,0.4,1.7,.250,1.6,3.0,.522,.468,0.6,0.9,.643,0.5,2.2,2.8,0.6,0.6,0.5,0.5,1.0,5.0,2019,"$838,464"
Aron Baynes,C,32,BOS,51,18,16.1,2.1,4.4,.471,0.4,1.2,.344,1.6,3.2,.519,.518,1.0,1.2,.855,1.7,3.0,4.7,1.1,0.2,0.7,0.8,2.5,5.6,2019,"$5,193,600"
Michael Beasley,PF,30,LAL,26,2,10.7,2.9,5.9,.490,0.1,0.7,.176,2.8,5.2,.529,.500,1.1,1.5,.718,0.5,1.8,2.3,1.0,0.3,0.4,1.0,1.6,7.0,2019,"$3,500,000"
Marco Belinelli,SG,32,SAS,79,1,23.0,3.6,8.7,.413,1.9,5.0,.372,1.7,3.7,.468,.520,1.4,1.6,.903,0.2,2.3,2.5,1.7,0.4,0.1,0.9,1.5,10.5,2019,"$6,153,846"
Khem Birch,C,26,ORL,50,1,12.9,1.8,3.0,.603,0.0,0.0,.000,1.8,3.0,.607,.603,1.2,1.7,.699,1.6,2.2,3.8,0.8,0.4,0.6,0.4,1.4,4.8,2019,"$1,378,242"
Antonio Blakeney,SG,22,CHI,57,3,14.5,2.9,6.9,.419,0.6,1.6,.396,2.3,5.4,.426,.465,0.9,1.3,.658,0.1,1.7,1.9,0.7,0.2,0.2,0.6,0.7,7.3,2019,"$1,349,383"
Jonah Bolden,PF,23,PHI,44,10,14.5,1.8,3.7,.494,0.8,2.2,.354,1.0,1.5,.697,.599,0.3,0.6,.481,1.1,2.7,3.8,0.9,0.4,0.9,0.8,2.3,4.7,2019,"$1,690,000"
Isaac Bonga,PG,19,LAL,22,0,5.5,0.2,1.5,.152,0.0,0.4,.000,0.2,1.1,.200,.152,0.4,0.7,.600,0.4,0.7,1.1,0.7,0.4,0.2,0.3,0.4,0.9,2019,"$1,000,000"
Chris Boucher,PF,26,TOR,28,0,5.8,1.2,2.7,.447,0.4,1.3,.324,0.8,1.4,.564,.526,0.5,0.5,.867,0.6,1.4,2.0,0.1,0.2,0.9,0.3,1.1,3.3,2019,"$457,418"
Avery Bradley,SG,28,TOT,63,63,30.2,3.9,9.7,.408,1.4,3.9,.351,2.6,5.8,.446,.479,0.7,0.8,.860,0.7,2.1,2.8,2.4,0.7,0.3,1.4,2.7,9.9,2019,"$12,000,000"
Corey Brewer,SF,32,TOT,31,3,15.9,1.7,4.0,.431,0.5,1.4,.318,1.3,2.5,.494,.488,1.0,1.4,.721,0.8,1.6,2.5,1.3,1.0,0.2,0.6,2.0,4.9,2019,"$2,000,000"
Mikal Bridges,SF,22,PHO,82,56,29.5,3.0,6.9,.430,1.3,3.8,.335,1.7,3.0,.548,.523,1.2,1.4,.805,0.7,2.5,3.2,2.1,1.6,0.5,0.9,2.5,8.3,2019,"$3,552,960"
Miles Bridges,SF,20,CHO,80,25,21.2,3.0,6.4,.464,0.8,2.5,.325,2.2,3.9,.553,.527,0.7,1.0,.753,0.8,3.2,4.0,1.2,0.7,0.6,0.6,1.4,7.5,2019,"$3,206,640"
Isaiah Briscoe,PG,22,ORL,39,0,14.3,1.4,3.5,.399,0.3,0.9,.324,1.1,2.7,.423,.438,0.4,0.7,.577,0.1,1.8,1.9,2.2,0.3,0.1,0.8,1.7,3.5,2019,"$838,464"
Ryan Broekhoff,SG,28,DAL,42,0,10.8,1.4,3.0,.452,0.9,2.2,.409,0.5,0.8,.576,.603,0.4,0.5,.789,0.2,1.3,1.5,0.5,0.1,0.1,0.4,0.8,4.0,2019,"$838,464"
Bruce Brown,SG,22,DET,74,56,19.6,1.7,4.2,.398,0.3,1.3,.258,1.4,3.0,.457,.436,0.6,0.8,.750,0.6,1.9,2.5,1.2,0.5,0.5,0.6,2.4,4.3,2019,"$838,464"
Troy Brown Jr.,SF,19,WAS,52,10,14.0,1.9,4.5,.415,0.4,1.3,.319,1.4,3.2,.455,.462,0.6,0.9,.681,0.7,2.1,2.8,1.5,0.4,0.1,0.6,1.1,4.8,2019,"$2,749,080"
Jalen Brunson,PG,22,DAL,73,38,21.8,3.6,7.7,.467,0.9,2.5,.348,2.8,5.3,.523,.523,1.2,1.6,.725,0.3,2.0,2.3,3.2,0.5,0.1,1.2,1.7,9.3,2019,"$1,230,000"
Reggie Bullock,SG,27,TOT,63,60,29.8,3.9,9.4,.412,2.3,6.2,.377,1.5,3.2,.483,.537,1.2,1.3,.859,0.3,2.4,2.7,2.0,0.6,0.2,1.0,1.7,11.3,2019,"$2,500,000"
Trey Burke,PG,26,TOT,58,8,19.4,4.1,9.4,.431,1.0,2.7,.352,3.1,6.7,.463,.482,1.8,2.1,.831,0.5,1.2,1.7,2.7,0.6,0.1,0.8,1.0,10.9,2019,"$1,795,015"
Alec Burks,SG,27,TOT,64,24,21.5,3.0,7.4,.405,1.0,2.6,.363,2.0,4.8,.428,.469,1.8,2.2,.823,0.5,3.2,3.7,2.0,0.6,0.3,1.0,1.4,8.8,2019,"$11,536,515"
Deonte Burton,SG,25,OKC,32,0,7.5,1.0,2.6,.402,0.3,0.8,.296,0.8,1.7,.455,.451,0.3,0.4,.667,0.1,0.8,0.9,0.3,0.2,0.3,0.3,1.0,2.6,2019,"$151,587"
Jimmy Butler,SF-SG,29,TOT,65,65,33.6,6.4,13.9,.462,1.0,3.0,.347,5.4,10.9,.494,.499,4.8,5.6,.855,1.9,3.4,5.3,4.0,1.9,0.6,1.5,1.7,18.7,2019,"$20,445,779"
Isaiah Canaan,PG,27,TOT,30,16,21.0,2.1,5.5,.390,1.1,3.2,.354,1.0,2.3,.441,.494,0.6,0.8,.792,0.2,1.7,1.9,2.8,0.5,0.1,1.2,1.7,6.0,2019,"$1,512,601"
Jevon Carter,PG,23,MEM,39,3,14.8,1.4,4.7,.303,0.9,2.6,.333,0.6,2.1,.265,.395,0.7,0.8,.813,0.4,1.3,1.7,1.8,0.7,0.3,0.8,1.4,4.4,2019,"$838,464"
Wendell Carter Jr.,C,19,CHI,44,44,25.2,4.1,8.4,.485,0.1,0.7,.188,4.0,7.7,.513,.493,2.0,2.5,.795,2.0,5.0,7.0,1.8,0.6,1.3,1.5,3.5,10.3,2019,"$4,441,200"
Michael Carter-Williams,PG,27,TOT,28,1,13.3,1.6,4.4,.374,0.4,1.4,.263,1.3,3.0,.424,.415,1.1,1.9,.604,0.7,1.8,2.5,2.5,0.7,0.5,0.7,1.7,4.8,2019,"$59,820"
Tyson Chandler,C,36,TOT,55,6,15.9,1.1,1.8,.616,0.0,0.0,.000,1.1,1.8,.622,.616,0.9,1.6,.586,1.7,3.9,5.6,0.7,0.4,0.4,0.8,2.0,3.1,2019,"$1,333,140"
Wilson Chandler,PF-SF,31,TOT,51,33,23.1,2.2,5.4,.418,1.2,3.1,.373,1.1,2.3,.478,.526,0.4,0.5,.720,0.9,3.3,4.2,1.6,0.5,0.4,0.9,2.4,6.0,2019,"$12,800,562"
Marquese Chriss,PF,21,TOT,43,2,11.6,1.6,4.2,.372,0.4,1.7,.222,1.2,2.5,.472,.417,0.7,1.0,.711,0.9,2.4,3.3,0.5,0.4,0.3,0.8,1.9,4.2,2019,"$3,206,160"
Gary Clark,PF,24,HOU,51,2,12.6,1.0,3.0,.331,0.8,2.7,.297,0.2,0.3,.692,.467,0.1,0.1,1.000,0.5,1.8,2.3,0.4,0.4,0.5,0.1,0.9,2.9,2019,"$596,873"
Robert Covington,SF,28,TOT,35,35,34.4,4.5,10.3,.431,2.4,6.4,.378,2.0,3.9,.518,.548,1.9,2.5,.764,0.8,4.7,5.5,1.3,2.1,1.3,1.3,3.6,13.3,2019,"$10,464,092"
Torrey Craig,SF,28,DEN,75,37,20.0,2.1,4.8,.442,0.8,2.5,.324,1.3,2.3,.569,.526,0.7,0.9,.700,1.2,2.3,3.5,1.0,0.5,0.6,0.6,2.3,5.7,2019,"$2,000,000"
Dante Cunningham,PF,31,SAS,64,21,14.5,1.2,2.5,.475,0.5,1.0,.462,0.7,1.5,.484,.570,0.2,0.3,.778,0.8,2.2,2.9,0.8,0.4,0.2,0.3,1.1,3.0,2019,"$2,487,000"
Seth Curry,SG,28,POR,74,2,18.9,2.9,6.3,.456,1.5,3.4,.450,1.3,2.9,.463,.577,0.6,0.7,.846,0.4,1.3,1.6,0.9,0.5,0.2,0.8,1.3,7.9,2019,"$2,795,000"
Deyonta Davis,C,22,ATL,9,0,13.1,1.7,2.4,.682,0.0,0.1,.000,1.7,2.3,.714,.682,0.7,1.1,.600,1.1,2.9,4.0,0.6,0.3,0.6,0.3,1.3,4.0,2019,"$25,367"
Sam Dekker,PF,24,TOT,47,5,16.8,2.6,5.4,.469,0.4,1.3,.306,2.1,4.1,.521,.506,0.6,1.0,.609,1.1,2.0,3.1,1.0,0.8,0.1,0.5,1.0,6.1,2019,"$2,760,095"
Matthew Dellavedova,PG,28,TOT,48,0,16.9,2.0,5.0,.405,0.9,2.7,.338,1.1,2.3,.482,.496,0.9,1.1,.808,0.1,1.5,1.6,3.8,0.3,0.0,1.4,1.6,5.9,2019,"$9,607,500"
Luol Deng,SF,33,MIN,22,2,17.8,2.7,5.4,.500,0.6,2.0,.318,2.0,3.4,.608,.559,1.1,1.6,.714,0.9,2.4,3.3,0.8,0.7,0.4,0.6,1.1,7.1,2019,"$1,512,601"
Cheick Diallo,PF,22,NOP,64,1,14.0,2.6,4.2,.620,0.0,0.1,.250,2.6,4.2,.625,.622,0.8,1.0,.746,1.2,4.0,5.2,0.5,0.5,0.5,0.8,1.8,6.0,2019,"$1,544,951"
Hamidou Diallo,SG,20,OKC,51,3,10.3,1.5,3.2,.455,0.1,0.5,.167,1.4,2.8,.504,.467,0.7,1.2,.610,0.7,1.2,1.9,0.3,0.4,0.2,0.5,1.5,3.7,2019,"$838,464"
Donte DiVincenzo,SG,22,MIL,27,0,15.2,1.9,4.6,.403,0.8,3.1,.265,1.0,1.5,.683,.492,0.3,0.4,.750,0.6,1.8,2.4,1.1,0.5,0.2,0.7,1.4,4.9,2019,"$2,481,000"
Tyler Dorsey,SG,22,TOT,48,11,14.5,2.2,5.5,.405,0.9,2.8,.333,1.3,2.8,.477,.489,0.8,1.3,.623,0.6,1.8,2.4,1.2,0.3,0.0,0.6,1.1,6.2,2019,"$1,378,242"
Kevin Durant,SF,30,GSW,78,78,34.6,9.2,17.7,.521,1.8,5.0,.353,7.5,12.8,.587,.571,5.7,6.5,.885,0.4,5.9,6.4,5.9,0.7,1.1,2.9,2.0,26.0,2019,"$30,000,000"
Henry Ellenson,PF,22,TOT,19,0,13.6,2.1,5.0,.411,0.9,2.0,.447,1.2,3.0,.386,.500,1.0,1.3,.760,0.3,3.2,3.5,0.8,0.4,0.1,0.5,1.4,6.0,2019,"$341,831"
Wayne Ellington,SG,31,TOT,53,38,24.5,3.5,8.6,.403,2.6,7.0,.371,0.9,1.6,.541,.554,0.7,0.9,.796,0.3,1.8,2.0,1.4,1.0,0.1,0.8,1.7,10.3,2019,"$2,383,076"
Jacob Evans,SG,21,GSW,30,1,6.8,0.6,1.8,.340,0.1,0.5,.267,0.5,1.3,.368,.377,0.0,0.0,.000,0.2,0.6,0.8,0.8,0.2,0.1,0.4,0.9,1.3,2019,"$1,644,240"
Kenneth Faried,C,29,TOT,37,13,19.7,4.2,7.2,.589,0.2,0.7,.320,4.0,6.5,.617,.604,1.7,2.7,.646,2.6,4.1,6.8,0.5,0.5,0.6,0.9,2.2,10.4,2019,"$683,661"
Tim Frazier,PG,28,TOT,59,19,19.0,2.0,4.4,.444,0.6,1.7,.366,1.3,2.7,.494,.515,0.7,0.9,.759,0.7,2.2,2.8,4.2,0.5,0.1,1.3,1.9,5.3,2019,"$196,553"
Jimmer Fredette,SG,29,PHO,6,0,10.8,1.3,4.8,.276,0.0,2.2,.000,1.3,2.7,.500,.276,1.0,1.0,1.000,0.2,1.0,1.2,1.3,0.5,0.0,0.8,0.8,3.7,2019,"$208,509"
Marc Gasol,C,34,TOT,79,72,30.8,4.9,11.0,.448,1.3,3.5,.363,3.7,7.6,.487,.505,2.4,3.2,.759,1.0,6.9,7.9,4.4,1.1,1.1,2.0,2.7,13.6,2019,"$24,119,025"
Pau Gasol,C,38,TOT,30,6,12.0,1.4,3.1,.447,0.2,0.4,.462,1.2,2.7,.444,.479,0.9,1.3,.700,0.7,3.8,4.6,1.7,0.2,0.5,0.5,1.0,3.9,2019,"$333,285"
Shai Gilgeous-Alexander,PG,20,LAC,82,73,26.5,4.2,8.7,.476,0.6,1.7,.367,3.5,7.0,.503,.512,1.9,2.4,.800,0.7,2.1,2.8,3.3,1.2,0.5,1.7,2.1,10.8,2019,"$3,375,360"
Brandon Goodwin,PG,23,DEN,16,0,3.6,0.4,1.4,.261,0.1,0.4,.333,0.3,1.1,.235,.304,0.6,0.7,.818,0.1,0.1,0.2,0.9,0.0,0.0,0.2,0.4,1.4,2019,"$630,032"
Aaron Gordon,PF,23,ORL,78,78,33.8,6.0,13.4,.449,1.6,4.4,.349,4.5,9.0,.499,.507,2.4,3.2,.731,1.7,5.7,7.4,3.7,0.7,0.7,2.1,2.2,16.0,2019,"$21,590,909"
Devonte' Graham,PG,23,CHO,46,3,14.7,1.6,4.7,.343,0.7,2.6,.281,0.9,2.1,.421,.421,0.8,1.0,.761,0.2,1.2,1.4,2.6,0.5,0.0,0.7,1.0,4.7,2019,"$988,464"
Treveon Graham,SG,25,BRK,35,21,20.4,1.8,5.5,.335,1.1,3.7,.297,0.7,1.8,.413,.435,0.5,0.6,.818,0.7,2.4,3.1,1.0,0.4,0.2,0.5,1.9,5.3,2019,"$1,512,601"
JaMychal Green,PF,28,TOT,65,6,21.1,3.5,7.3,.483,1.1,2.7,.403,2.4,4.6,.530,.558,1.2,1.6,.792,1.6,4.7,6.3,0.8,0.7,0.5,1.3,3.0,9.4,2019,"$7,666,667"
Jeff Green,PF,32,WAS,77,44,27.2,4.2,8.9,.475,1.4,4.2,.347,2.8,4.8,.586,.555,2.4,2.7,.888,0.7,3.3,4.0,1.8,0.6,0.5,1.3,2.1,12.3,2019,"$1,512,601"
Daniel Hamilton,SG,23,ATL,19,3,10.7,1.2,3.2,.383,0.4,1.2,.348,0.8,1.9,.405,.450,0.2,0.3,.500,0.5,1.9,2.5,1.2,0.3,0.1,0.8,1.0,3.0,2019,"$1,349,383"
Tim Hardaway Jr.,SG,26,TOT,65,63,31.6,6.0,15.3,.393,2.5,7.3,.340,3.5,7.9,.442,.474,3.6,4.2,.841,0.5,2.9,3.4,2.4,0.8,0.1,1.6,2.2,18.1,2019,"$19,200,127"
Joe Harris,SG,27,BRK,76,76,30.2,4.9,9.8,.500,2.4,5.1,.474,2.5,4.8,.528,.622,1.4,1.8,.827,0.7,3.1,3.8,2.4,0.5,0.2,1.6,2.4,13.7,2019,"$8,333,333"
Tobias Harris,PF,26,TOT,82,82,34.7,7.5,15.3,.487,1.9,4.8,.397,5.5,10.5,.528,.549,3.2,3.7,.866,0.8,7.0,7.9,2.8,0.6,0.5,1.8,2.2,20.0,2019,"$14,800,000"
Andrew Harrison,PG,24,TOT,17,0,11.0,0.9,3.1,.302,0.3,1.5,.200,0.6,1.6,.393,.349,1.0,1.1,.944,0.4,0.8,1.2,1.4,0.2,0.1,0.7,2.0,3.2,2019,"$1,544,951"
Isaiah Hartenstein,PF,20,HOU,28,0,7.9,0.7,1.5,.488,0.1,0.2,.333,0.6,1.3,.514,.512,0.4,0.5,.786,0.8,0.9,1.7,0.5,0.3,0.4,0.5,2.0,1.9,2019,"$838,464"
Udonis Haslem,C,38,MIA,10,1,7.4,1.1,3.3,.333,0.0,1.2,.000,1.1,2.1,.524,.333,0.3,0.4,.750,0.3,2.4,2.7,0.2,0.0,0.0,0.3,0.9,2.5,2019,"$1,512,601"
Gordon Hayward,PF,28,BOS,72,18,25.9,4.1,8.8,.466,1.1,3.2,.333,3.0,5.6,.542,.527,2.2,2.6,.834,0.7,3.8,4.5,3.4,0.9,0.3,1.5,1.4,11.5,2019,"$31,214,295"
Mario Hezonja,SF,23,NYK,58,24,20.8,3.3,8.0,.412,0.7,2.6,.276,2.6,5.4,.478,.457,1.5,2.0,.763,0.5,3.6,4.1,1.5,1.0,0.1,1.5,1.9,8.8,2019,"$6,500,000"
George Hill,PG,32,TOT,60,13,21.7,2.8,6.3,.452,0.8,2.6,.314,2.0,3.7,.547,.516,1.2,1.4,.824,0.7,1.8,2.5,2.3,0.9,0.1,0.9,1.7,7.6,2019,"$19,000,000"
Aaron Holiday,PG,22,IND,50,0,12.9,2.1,5.2,.401,0.9,2.5,.339,1.2,2.7,.459,.483,0.8,1.0,.820,0.1,1.2,1.3,1.7,0.4,0.3,0.8,1.4,5.9,2019,"$1,911,960"
Justin Holiday,SG,29,TOT,82,77,31.8,3.7,9.5,.386,2.0,5.7,.348,1.7,3.8,.442,.490,1.2,1.3,.896,0.6,3.4,3.9,1.8,1.5,0.4,1.3,2.0,10.5,2019,"$4,384,616"
Rodney Hood,SG,26,TOT,72,49,26.3,4.1,9.3,.435,1.2,3.3,.356,2.9,6.0,.478,.498,1.9,2.2,.884,0.3,1.8,2.2,1.8,0.8,0.2,0.8,2.0,11.2,2019,"$3,472,887"
Kevin Huerter,SG,20,ATL,75,59,27.3,3.7,8.8,.419,1.8,4.7,.385,1.9,4.1,.457,.522,0.5,0.7,.732,0.8,2.5,3.3,2.9,0.9,0.3,1.5,2.1,9.7,2019,"$2,250,960"
Chandler Hutchison,SF,22,CHI,44,14,20.3,2.2,4.8,.459,0.3,1.1,.280,1.9,3.6,.516,.493,0.5,0.9,.605,0.7,3.5,4.2,0.8,0.5,0.1,0.6,1.3,5.2,2019,"$1,990,520"
Frank Jackson,PG,20,NOP,61,16,19.2,3.2,7.3,.434,0.9,2.8,.314,2.3,4.6,.507,.493,0.9,1.2,.740,0.4,1.8,2.2,1.1,0.4,0.0,0.8,1.5,8.1,2019,"$1,378,242"
Jaren Jackson Jr.,PF,19,MEM,58,56,26.1,5.1,10.2,.506,0.9,2.4,.359,4.3,7.7,.553,.549,2.6,3.4,.766,1.3,3.4,4.7,1.1,0.9,1.4,1.7,3.8,13.8,2019,"$5,915,040"
Justin Jackson,SF,23,TOT,81,14,19.9,2.7,6.0,.447,1.1,3.0,.355,1.6,3.0,.542,.537,0.8,1.0,.785,0.5,2.1,2.6,1.2,0.4,0.2,0.4,1.2,7.2,2019,"$2,807,880"
LeBron James,SF,34,LAL,55,55,35.2,10.1,19.9,.510,2.0,5.9,.339,8.1,14.0,.582,.560,5.1,7.6,.665,1.0,7.4,8.5,8.3,1.3,0.6,3.6,1.7,27.4,2019,"$35,654,150"
John Jenkins,SG,27,TOT,26,0,12.8,1.6,4.0,.400,0.8,2.2,.379,0.8,1.8,.426,.505,0.6,0.7,.833,0.2,1.2,1.4,0.8,0.0,0.1,0.3,0.4,4.7,2019,"$486,520"
Alize Johnson,PF,22,IND,14,0,4.6,0.3,1.1,.250,0.1,0.1,.500,0.2,1.0,.214,.281,0.3,0.6,.500,0.3,1.1,1.4,0.1,0.1,0.2,0.0,0.5,0.9,2019,"$838,464"
Amir Johnson,C,31,PHI,51,6,10.4,1.5,3.1,.503,0.2,0.8,.300,1.3,2.3,.573,.541,0.6,0.8,.756,0.9,2.0,2.9,1.2,0.3,0.3,0.9,1.9,3.9,2019,"$1,512,601"
Stanley Johnson,SF,22,TOT,66,7,18.3,2.6,6.7,.389,0.9,3.3,.288,1.7,3.4,.484,.459,0.8,1.0,.781,0.5,2.8,3.3,1.3,0.9,0.2,1.2,1.7,6.9,2019,"$3,940,402"
Tyler Johnson,PG,26,TOT,57,22,26.8,3.8,9.2,.413,1.6,4.6,.346,2.2,4.7,.477,.498,1.7,2.2,.748,0.6,2.4,3.0,2.9,0.9,0.5,1.4,1.7,10.9,2019,"$19,356,932"
Wesley Johnson,SF,31,TOT,38,13,14.1,1.2,3.4,.352,0.7,2.0,.329,0.5,1.4,.385,.449,0.3,0.5,.684,0.3,1.6,1.9,0.6,0.4,0.3,0.5,1.7,3.4,2019,"$6,134,520"
Derrick Jones Jr.,SF,21,MIA,60,14,19.2,2.7,5.4,.494,0.5,1.5,.308,2.2,3.9,.567,.537,1.2,2.0,.607,1.6,2.4,4.0,0.6,0.8,0.7,0.7,2.1,7.0,2019,"$1,512,601"
Jemerrio Jones,SF,23,LAL,6,2,23.8,2.0,5.5,.364,0.3,1.7,.200,1.7,3.8,.435,.394,0.2,0.3,.500,2.7,5.5,8.2,2.2,1.2,0.8,0.8,1.7,4.5,2019,"$52,108"
Enes Kanter,C,26,TOT,67,31,24.5,5.6,10.2,.549,0.1,0.5,.294,5.4,9.7,.562,.556,2.3,2.9,.787,3.8,6.0,9.8,1.7,0.5,0.4,1.8,2.5,13.7,2019,"$487,109"
Brandon Knight,PG,27,TOT,39,26,18.9,2.5,6.7,.381,1.1,3.3,.318,1.5,3.4,.443,.460,0.7,0.9,.794,0.3,1.3,1.5,1.8,0.5,0.1,0.8,1.6,6.8,2019,"$14,631,250"
Luke Kornet,PF,23,NYK,46,18,17.0,2.3,6.2,.378,1.5,4.2,.363,0.8,2.0,.411,.502,0.8,1.0,.826,0.6,2.3,2.9,1.2,0.6,0.9,0.5,0.9,7.0,2019,"$1,619,260"
Kyle Korver,SG-PF,37,TOT,70,0,19.1,2.9,6.9,.416,2.0,5.0,.397,0.9,1.9,.467,.559,0.9,1.0,.822,0.1,2.2,2.3,1.2,0.4,0.2,0.8,1.5,8.6,2019,"$7,560,000"
Rodions Kurucs,SF,20,BRK,63,46,20.5,3.2,7.1,.450,0.9,2.9,.315,2.3,4.2,.543,.514,1.1,1.5,.783,0.9,3.0,3.9,0.8,0.7,0.4,1.2,2.3,8.5,2019,"$1,618,320"
Zach LaVine,SG,23,CHI,63,62,34.5,8.4,18.0,.467,1.9,5.1,.374,6.5,12.9,.504,.520,5.0,6.0,.832,0.6,4.0,4.7,4.5,1.0,0.4,3.4,2.2,23.7,2019,"$19,500,000"
Courtney Lee,SG,33,TOT,34,6,12.6,1.6,3.8,.411,0.5,1.6,.291,1.1,2.2,.500,.473,0.4,0.6,.667,0.3,1.3,1.6,1.1,0.6,0.1,0.4,0.9,4.0,2019,"$12,253,780"
Jeremy Lin,PG,30,TOT,74,4,19.4,3.2,7.3,.440,0.7,2.5,.294,2.5,4.8,.517,.491,2.4,2.8,.838,0.3,2.1,2.4,3.1,0.6,0.2,1.7,1.9,9.6,2019,"$487,109"
Tyler Lydon,PF,22,DEN,25,0,3.8,0.4,0.7,.500,0.2,0.4,.400,0.2,0.3,.625,.611,0.0,0.1,.333,0.3,0.4,0.7,0.2,0.1,0.0,0.2,0.4,0.9,2019,"$1,874,640"
Shelvin Mack,PG,28,TOT,57,3,21.9,2.9,7.1,.404,0.8,2.3,.354,2.1,4.8,.429,.462,1.0,1.5,.690,0.3,1.5,1.8,3.2,0.8,0.1,1.2,1.5,7.5,2019,"$1,512,601"
Thon Maker,C-PF,21,TOT,64,5,15.2,1.7,4.2,.407,0.8,2.4,.320,0.9,1.8,.522,.498,0.9,1.3,.667,0.6,2.5,3.2,0.7,0.3,0.8,0.5,1.6,5.0,2019,"$2,799,720"
Wesley Matthews,SF-SG,32,TOT,69,68,30.3,4.0,10.1,.400,2.2,5.8,.372,1.9,4.3,.437,.507,1.9,2.4,.810,0.5,2.0,2.5,2.3,0.8,0.2,1.3,2.3,12.2,2019,"$512,746"
Patrick McCaw,SG,23,TOT,29,1,13.7,0.9,2.2,.413,0.3,1.0,.321,0.6,1.2,.486,.484,0.4,0.5,.867,0.2,1.4,1.7,1.0,0.8,0.1,0.6,1.3,2.6,2019,"$777,665"
Jordan McRae,SG,27,WAS,27,0,12.3,2.3,4.8,.469,0.4,1.3,.286,1.9,3.5,.537,.508,1.0,1.3,.800,0.2,1.3,1.5,1.1,0.5,0.3,0.6,1.0,5.9,2019,"$17,092"
De'Anthony Melton,PG,20,PHO,50,31,19.7,2.0,5.1,.391,0.6,1.9,.305,1.4,3.2,.441,.447,0.4,0.6,.750,0.5,2.2,2.7,3.2,1.4,0.5,1.5,2.3,5.0,2019,"$949,000"
Chimezie Metu,PF,21,SAS,29,0,5.0,0.7,2.0,.328,0.0,0.1,.000,0.7,1.9,.339,.328,0.4,0.6,.765,0.3,0.9,1.2,0.4,0.2,0.1,0.5,0.5,1.8,2019,"$838,464"
C.J. Miles,SF,31,TOT,53,1,16.2,2.1,5.9,.360,1.3,3.8,.330,0.8,2.0,.417,.468,0.9,1.1,.828,0.2,1.5,1.8,0.7,0.5,0.3,0.6,1.5,6.4,2019,"$8,333,333"
Malcolm Miller,SF,25,TOR,10,0,6.7,1.1,2.6,.423,1.0,2.1,.476,0.1,0.5,.200,.615,0.3,0.4,.750,0.1,0.4,0.5,0.1,0.1,0.1,0.1,0.5,3.5,2019,"$457,418"
Greg Monroe,C,28,TOT,43,2,11.2,2.1,4.4,.487,0.0,0.1,.200,2.1,4.3,.495,.489,1.0,1.7,.625,1.6,2.4,4.0,0.6,0.3,0.2,0.7,1.5,5.3,2019,"$59,820"
Jaylen Morris,SG,23,MIL,4,0,7.3,1.0,2.5,.400,0.3,0.8,.333,0.8,1.8,.429,.450,0.3,0.5,.500,0.0,1.3,1.3,1.0,0.5,0.0,0.3,0.3,2.5,2019,"$1,378,242"
Markieff Morris,PF,29,TOT,58,16,21.9,3.5,8.3,.421,1.2,3.5,.335,2.3,4.8,.484,.492,1.2,1.6,.772,1.1,3.5,4.6,1.4,0.6,0.4,0.9,3.0,9.4,2019,"$427,288"
Monte Morris,PG,23,DEN,82,6,24.0,4.2,8.6,.493,1.1,2.8,.414,3.1,5.8,.531,.560,0.8,1.0,.802,0.4,1.9,2.4,3.6,0.9,0.0,0.6,1.2,10.4,2019,"$1,349,383"
Mike Muscala,PF,27,TOT,64,10,20.4,2.3,5.6,.402,1.4,4.0,.348,0.9,1.6,.533,.525,1.1,1.3,.824,0.9,2.9,3.8,1.2,0.3,0.6,0.8,2.0,7.0,2019,"$5,000,000"
Sviatoslav Mykhailiuk,SF,21,TOT,42,0,10.5,1.1,3.3,.329,0.7,2.1,.326,0.4,1.2,.333,.432,0.3,0.5,.600,0.2,0.6,0.9,0.9,0.3,0.0,0.5,0.6,3.2,2019,"$1,487,694"
Georges Niang,PF,25,UTA,59,0,8.7,1.5,3.1,.475,0.7,1.8,.410,0.7,1.3,.566,.594,0.3,0.4,.833,0.2,1.3,1.5,0.6,0.2,0.1,0.4,1.0,4.0,2019,"$1,512,601"
Joakim Noah,C,33,MEM,42,1,16.5,2.6,5.1,.516,0.0,0.0,.000,2.6,5.0,.519,.516,1.9,2.6,.716,1.4,4.3,5.7,2.1,0.5,0.7,1.2,2.3,7.1,2019,"$1,093,858"
David Nwaba,SG,26,CLE,51,14,19.3,2.5,5.1,.481,0.5,1.5,.320,2.0,3.7,.545,.527,1.1,1.7,.682,0.8,2.4,3.2,1.1,0.7,0.3,0.6,2.1,6.5,2019,"$1,512,601"
Kyle O'Quinn,C,28,IND,45,3,8.2,1.5,3.0,.507,0.0,0.3,.083,1.5,2.8,.548,.511,0.4,0.5,.810,0.6,2.0,2.6,1.2,0.2,0.6,0.7,1.5,3.5,2019,"$4,449,000"
Jahlil Okafor,C,23,NOP,59,24,15.8,3.6,6.1,.586,0.0,0.1,.200,3.6,6.1,.591,.587,1.0,1.5,.663,1.4,3.3,4.7,0.7,0.3,0.7,0.9,1.6,8.2,2019,"$1,567,707"
Elie Okobo,PG,21,PHO,53,16,18.1,2.2,5.5,.393,0.7,2.5,.295,1.4,3.0,.475,.460,0.7,0.9,.787,0.2,1.6,1.8,2.4,0.6,0.1,1.3,2.1,5.7,2019,"$1,238,464"
Josh Okogie,SG,20,MIN,74,52,23.7,2.6,6.9,.386,0.8,2.9,.279,1.8,4.0,.464,.445,1.6,2.2,.728,0.6,2.4,2.9,1.2,1.2,0.4,0.9,2.2,7.7,2019,"$2,160,720"
Kelly Oubre Jr.,SF,23,TOT,69,19,28.0,5.4,12.2,.445,1.6,4.9,.320,3.9,7.3,.530,.510,2.7,3.5,.775,1.0,3.7,4.7,1.2,1.2,0.9,1.5,2.6,15.2,2019,"$3,208,630"
Jabari Parker,PF,23,TOT,64,17,26.9,5.8,11.7,.493,1.0,3.0,.313,4.8,8.7,.556,.533,2.0,2.9,.712,1.2,5.3,6.6,2.4,0.7,0.5,2.4,2.3,14.5,2019,"$20,000,000"
Justin Patton,C,21,PHI,3,0,7.0,0.7,2.3,.286,0.0,0.7,.000,0.7,1.7,.400,.286,0.3,0.7,.500,0.7,1.3,2.0,1.0,0.7,0.0,0.0,1.7,1.7,2019,"$2,667,600"
Cameron Payne,PG,24,TOT,40,13,17.8,2.4,5.6,.430,0.6,2.1,.298,1.8,3.5,.511,.487,0.8,1.0,.805,0.3,1.5,1.8,2.7,0.7,0.2,1.1,1.6,6.3,2019,"$3,263,294"
Theo Pinson,SG,23,BRK,18,0,11.7,1.4,4.1,.342,0.7,2.6,.261,0.7,1.5,.481,.425,1.1,1.2,.864,0.2,1.8,2.0,1.2,0.3,0.0,1.0,0.8,4.5,2019,"$4,737"
Bobby Portis,PF,23,TOT,50,28,26.0,5.6,12.6,.444,1.5,3.8,.393,4.1,8.7,.467,.504,1.5,1.9,.794,2.2,5.9,8.1,1.4,0.7,0.4,1.5,2.9,14.2,2019,"$2,494,346"
Alex Poythress,PF,25,ATL,21,1,14.5,1.9,3.9,.494,0.4,1.1,.391,1.5,2.8,.534,.549,0.9,1.4,.621,1.4,2.2,3.6,0.8,0.2,0.5,0.6,2.2,5.1,2019,"$1,544,951"
Ivan Rabb,PF,21,MEM,49,13,14.7,2.4,4.3,.547,0.1,0.3,.200,2.3,4.0,.574,.554,1.0,1.4,.710,1.4,2.8,4.2,1.1,0.3,0.3,0.7,1.8,5.8,2019,"$1,378,242"
Chasson Randle,PG,25,WAS,49,2,15.2,1.9,4.4,.419,0.9,2.3,.400,0.9,2.1,.441,.525,0.9,1.3,.694,0.2,0.9,1.1,2.0,0.5,0.1,0.9,1.9,5.5,2019,"$869,094"
Cameron Reynolds,SG,23,MIN,19,0,13.6,1.7,4.1,.423,1.1,2.7,.412,0.6,1.4,.444,.558,0.4,0.5,.889,0.2,1.4,1.6,0.7,0.3,0.1,0.3,1.4,5.0,2019,"$108,953"
Austin Rivers,SG,26,TOT,76,15,26.7,3.1,7.5,.406,1.4,4.3,.318,1.7,3.2,.522,.497,0.7,1.3,.526,0.3,1.8,2.1,2.2,0.6,0.3,0.9,2.7,8.1,2019,"$922,943"
Duncan Robinson,PF,24,MIA,15,1,10.7,1.2,3.1,.391,0.7,2.3,.286,0.5,0.7,.727,.500,0.3,0.4,.667,0.1,1.1,1.3,0.3,0.3,0.0,0.3,0.7,3.3,2019,"$9,474"
Glenn Robinson III,SF,25,DET,47,18,13.0,1.6,3.7,.420,0.4,1.3,.290,1.2,2.4,.491,.472,0.7,0.9,.800,0.4,1.1,1.5,0.4,0.3,0.2,0.4,1.0,4.2,2019,"$4,075,000"
Jerome Robinson,SG,21,LAC,33,0,9.7,1.3,3.3,.400,0.5,1.7,.316,0.8,1.6,.491,.482,0.2,0.3,.667,0.1,1.2,1.2,0.6,0.3,0.1,0.4,1.4,3.4,2019,"$3,046,200"
JaKarr Sampson,SF,25,CHI,4,0,31.8,7.3,13.5,.537,1.3,3.5,.357,6.0,10.0,.600,.583,4.3,5.3,.810,1.3,6.8,8.0,1.0,1.0,0.8,1.0,2.0,20.0,2019,"$85,458"
Mike Scott,PF,30,TOT,79,3,17.7,2.1,5.3,.400,1.3,3.2,.401,0.8,2.1,.399,.520,0.3,0.4,.667,0.5,2.9,3.5,0.8,0.3,0.2,0.6,2.0,5.8,2019,"$4,320,500"
Wayne Selden,SG,24,TOT,75,13,19.2,2.6,6.4,.406,0.7,2.3,.316,1.9,4.1,.456,.463,0.9,1.2,.728,0.5,1.9,2.4,1.5,0.4,0.2,1.1,1.7,6.9,2019,"$1,544,951"
Collin Sexton,PG,20,CLE,82,72,31.8,6.3,14.7,.430,1.5,3.6,.402,4.9,11.1,.440,.480,2.6,3.1,.839,0.7,2.2,2.9,3.0,0.5,0.1,2.3,2.3,16.7,2019,"$4,068,600"
Landry Shamet,SG,21,TOT,79,27,22.8,3.0,7.1,.431,2.1,5.0,.422,0.9,2.0,.453,.581,0.9,1.2,.806,0.3,1.4,1.7,1.5,0.5,0.1,0.6,2.0,9.1,2019,"$1,703,649"
Iman Shumpert,SG,28,TOT,62,41,23.9,2.7,7.2,.374,1.5,4.4,.348,1.2,2.8,.416,.481,0.6,0.7,.800,0.4,2.5,3.0,1.8,1.0,0.4,0.8,2.0,7.5,2019,"$11,011,234"
Jonathon Simmons,SG-SF,29,TOT,56,9,19.0,2.4,6.3,.380,0.5,1.9,.269,1.9,4.4,.427,.420,1.3,1.7,.742,0.5,1.8,2.3,2.3,0.5,0.3,1.2,1.6,6.5,2019,"$6,000,000"
Anfernee Simons,SG,19,POR,20,1,7.1,1.4,3.2,.444,0.5,1.5,.345,0.9,1.7,.529,.524,0.5,0.8,.563,0.2,0.5,0.7,0.7,0.1,0.0,0.6,0.5,3.8,2019,"$1,760,520"
Marcus Smart,SG,24,BOS,80,60,27.5,3.0,7.1,.422,1.6,4.3,.364,1.4,2.8,.511,.533,1.3,1.6,.806,0.7,2.2,2.9,4.0,1.8,0.4,1.5,2.5,8.9,2019,"$11,660,716"
Dennis Smith Jr.,PG,21,TOT,53,50,28.5,5.2,12.3,.428,1.3,3.9,.322,4.0,8.3,.477,.479,1.9,2.9,.635,0.6,2.3,2.9,4.8,1.3,0.4,2.9,2.4,13.6,2019,"$3,819,960"
Jason Smith,C-PF,32,TOT,20,1,9.5,1.1,3.0,.356,0.5,1.3,.346,0.6,1.7,.364,.432,0.7,0.8,.875,0.8,1.8,2.6,0.7,0.2,0.4,0.7,1.5,3.3,2019,"$5,450,000"
Zhaire Smith,SG,19,PHI,6,2,18.5,2.3,5.7,.412,1.0,2.7,.375,1.3,3.0,.444,.500,1.0,1.3,.750,0.5,1.7,2.2,1.7,0.3,0.3,1.0,1.3,6.7,2019,"$2,526,840"
Ray Spalding,PF,21,TOT,14,3,10.6,1.8,3.4,.532,0.0,0.2,.000,1.8,3.1,.568,.532,0.3,0.9,.333,1.1,2.4,3.4,0.4,0.6,0.6,0.6,1.6,3.9,2019,"$184,746"
Omari Spellman,PF,21,ATL,46,11,17.5,2.1,5.3,.402,1.0,2.8,.344,1.2,2.5,.466,.492,0.7,1.0,.711,1.6,2.7,4.2,1.0,0.6,0.5,0.7,1.5,5.9,2019,"$1,620,480"
Nik Stauskas,SG,25,TOT,68,0,14.9,2.0,5.0,.402,1.0,2.8,.372,1.0,2.2,.440,.506,0.8,0.9,.891,0.3,1.6,1.9,1.2,0.3,0.1,0.8,0.7,5.9,2019,"$504,200"
Lance Stephenson,SG,28,LAL,68,3,16.5,2.7,6.4,.426,1.1,2.9,.371,1.6,3.5,.472,.510,0.7,1.1,.685,0.5,2.7,3.2,2.1,0.6,0.1,1.3,1.6,7.2,2019,"$4,449,000"
Caleb Swanigan,PF,21,TOT,21,0,8.5,0.9,2.5,.340,0.0,0.3,.143,0.8,2.2,.370,.349,0.3,0.4,.667,0.8,2.2,3.0,0.5,0.3,0.0,0.9,1.3,2.0,2019,"$1,740,000"
Garrett Temple,SG,32,TOT,75,55,27.2,2.8,6.6,.422,1.2,3.5,.341,1.6,3.1,.515,.513,1.1,1.4,.748,0.4,2.5,2.9,1.4,1.0,0.4,0.9,2.7,7.8,2019,"$8,000,000"
Khyri Thomas,SG,22,DET,26,0,7.5,0.8,2.7,.319,0.4,1.3,.286,0.5,1.3,.353,.391,0.3,0.4,.636,0.2,0.6,0.8,0.3,0.3,0.2,0.2,0.8,2.3,2019,"$838,464"
Gary Trent Jr.,SG,20,POR,15,1,7.4,1.1,3.3,.320,0.3,1.4,.238,0.7,1.9,.379,.370,0.2,0.5,.429,0.1,0.7,0.7,0.3,0.1,0.1,0.3,0.3,2.7,2019,"$838,464"
Allonzo Trier,SG,23,NYK,64,3,22.8,3.6,8.1,.448,0.8,2.1,.394,2.8,6.0,.466,.498,2.8,3.5,.803,0.5,2.6,3.1,1.9,0.4,0.2,1.8,1.8,10.9,2019,"$3,382,000"
Jarred Vanderbilt,PF,19,DEN,17,0,4.1,0.5,1.1,.474,0.0,0.1,.000,0.5,1.1,.500,.474,0.4,0.6,.600,0.4,0.9,1.4,0.2,0.4,0.1,0.5,0.5,1.4,2019,"$838,464"
Fred VanVleet,PG,24,TOR,64,28,27.5,3.8,9.4,.410,1.8,4.6,.378,2.1,4.8,.441,.503,1.5,1.8,.843,0.3,2.3,2.6,4.8,0.9,0.3,1.3,1.7,11.0,2019,"$8,653,847"
Noah Vonleh,PF,23,NYK,68,57,25.3,3.0,6.5,.470,0.7,2.0,.336,2.4,4.5,.531,.523,1.6,2.3,.712,1.7,6.1,7.8,1.9,0.7,0.8,1.3,2.6,8.4,2019,"$1,512,601"
Dwyane Wade,SG,37,MIA,72,2,26.2,5.8,13.3,.433,1.2,3.6,.330,4.6,9.7,.472,.478,2.3,3.2,.708,1.0,3.0,4.0,4.2,0.8,0.5,2.3,1.6,15.0,2019,"$1,512,601"
Moritz Wagner,C,21,LAL,43,5,10.4,1.7,4.0,.415,0.5,1.8,.286,1.1,2.2,.521,.480,1.0,1.2,.811,0.4,1.6,2.0,0.6,0.3,0.3,0.9,1.3,4.8,2019,"$1,762,080"
Tyrone Wallace,PG,24,LAC,62,0,10.1,1.5,3.5,.424,0.1,0.3,.211,1.4,3.2,.444,.433,0.5,0.9,.526,0.3,1.3,1.6,0.7,0.3,0.1,0.6,1.3,3.5,2019,"$1,349,383"
Brad Wanamaker,PG,29,BOS,36,0,9.5,1.4,2.9,.476,0.4,1.1,.410,0.9,1.8,.515,.552,0.7,0.8,.857,0.1,1.1,1.1,1.6,0.3,0.1,0.5,0.9,3.9,2019,"$838,464"
Alan Williams,PF,26,BRK,5,0,5.2,1.6,2.6,.615,0.0,0.2,.000,1.6,2.4,.667,.615,0.4,0.8,.500,0.8,3.0,3.8,0.6,0.2,0.0,0.2,0.4,3.6,2019,"$5,000,000"
Kenrich Williams,SF,24,NOP,46,29,23.5,2.3,6.1,.384,1.1,3.4,.333,1.2,2.7,.447,.477,0.3,0.4,.684,1.2,3.6,4.8,1.8,1.0,0.4,0.8,2.1,6.1,2019,"$838,464"
Christian Wood,PF,23,TOT,21,2,12.0,2.9,5.6,.521,0.4,1.2,.346,2.5,4.3,.571,.560,2.0,2.7,.732,0.8,3.1,4.0,0.4,0.3,0.5,0.8,0.8,8.2,2019,"$1,512,601"
Delon Wright,PG,26,TOT,75,13,22.7,3.2,7.4,.434,0.7,2.2,.298,2.6,5.2,.492,.478,1.6,2.0,.793,0.9,2.6,3.5,3.3,1.2,0.4,1.0,1.4,8.7,2019,"$2,536,898"
Trae Young,PG,20,ATL,81,81,30.9,6.5,15.5,.418,1.9,6.0,.324,4.6,9.6,.477,.480,4.2,5.1,.829,0.8,2.9,3.7,8.1,0.9,0.2,3.8,1.7,19.1,2019,"$5,356,440"
Tyler Zeller,C,29,TOT,6,1,15.5,2.7,5.0,.533,0.0,0.2,.000,2.7,4.8,.552,.533,2.3,3.0,.778,1.8,2.2,4.0,0.7,0.2,0.5,0.7,3.3,7.7,2019,"$59,820"
